IndCatCode,IndCat,IndName,CountryCode,Country,PSCCode,PSC,PeriodCode,Period,UnitCode,Unit,Year,Value
TPA,MFN applied tariffs,Simple average MFN applied tariff - all products,4,Afghanistan,,,A,Annual,PCT,Percent,2006,5.7
TPA,MFN applied tariffs,Simple average MFN applied tariff - all products,4,Afghanistan,,,A,Annual,PCT,Percent,2007,5.7
TPA,MFN applied tariffs,Simple average MFN applied tariff - all products,4,Afghanistan,,,A,Annual,PCT,Percent,2008,5.6
TPA,MFN applied tariffs,Simple average MFN applied tariff - all products,4,Afghanistan,,,A,Annual,PCT,Percent,2012,5.9
TPA,MFN applied tariffs,Simple average MFN applied tariff - all products,4,Afghanistan,,,A,Annual,PCT,Percent,2013,5.9
TPA,MFN applied tariffs,Simple average MFN applied tariff - all products,4,Afghanistan,,,A,Annual,PCT,Percent,2018,6.5
TPA,MFN applied tariffs,Simple average MFN applied tariff - all products,8,Albania,,,A,Annual,PCT,Percent,2006,5.7
TPA,MFN applied tariffs,Simple average MFN applied tariff - all products,8,Albania,,,A,Annual,PCT,Percent,2007,5.4
TPA,MFN applied tariffs,Simple average MFN applied tariff - all products,8,Albania,,,A,Annual,PCT,Percent,2008,5.2
TPA,MFN applied tariffs,Simple average MFN applied tariff - all products,8,Albania,,,A,Annual,PCT,Percent,2009,5.0
TPA,MFN applied tariffs,Simple average MFN applied tariff - all products,8,Albania,,,A,Annual,PCT,Percent,2010,5.0
TPA,MFN applied tariffs,Simple average MFN applied tariff - all products,854,Burkina Faso,,,A,Annual,PCT,Percent,2006,12.0
TPA,MFN applied tariffs,Simple average MFN applied tariff - all products,854,Burkina Faso,,,A,Annual,PCT,Percent,2007,11.9
TPA,MFN applied tariffs,Simple average MFN applied tariff - all products,854,Burkina Faso,,,A,Annual,PCT,Percent,2008,11.9
TPA,MFN applied tariffs,Simple average MFN applied tariff - all products,854,Burkina Faso,,,A,Annual,PCT,Percent,2009,11.9
TPA,MFN applied tariffs,Simple average MFN applied tariff - all products,854,Burkina Faso,,,A,Annual,PCT,Percent,2010,11.9
TPA,MFN applied tariffs,Simple average MFN applied tariff - all products,854,Burkina Faso,,,A,Annual,PCT,Percent,2011,11.9
TPA,MFN applied tariffs,Simple average MFN applied tariff - all products,854,Burkina Faso,,,A,Annual,PCT,Percent,2012,11.9
TPA,MFN applied tariffs,Simple average MFN applied tariff - all products,854,Burkina Faso,,,A,Annual,PCT,Percent,2013,11.9
TPA,MFN applied tariffs,Simple average MFN applied tariff - all products,854,Burkina Faso,,,A,Annual,PCT,Percent,2014,11.9
TPA,MFN applied tariffs,Simple average MFN applied tariff - all products,854,Burkina Faso,,,A,Annual,PCT,Percent,2015,12.2
TPA,MFN applied tariffs,Simple average MFN applied tariff - all products,854,Burkina Faso,,,A,Annual,PCT,Percent,2016,12.2
TPA,MFN applied tariffs,Simple average MFN applied tariff - all products,854,Burkina Faso,,,A,Annual,PCT,Percent,2017,12.2
TPA,MFN applied tariffs,Simple average MFN applied tariff - all products,854,Burkina Faso,,,A,Annual,PCT,Percent,2018,12.2
TPA,MFN applied tariffs,Simple average MFN applied tariff - all products,854,Burkina Faso,,,A,Annual,PCT,Percent,2019,12.1
TPA,MFN applied tariffs,Simple average MFN applied tariff - all products,854,Burkina Faso,,,A,Annual,PCT,Percent,2020,12.1
TPA,MFN applied tariffs,Simple average MFN applied tariff - all products,854,Burkina Faso,,,A,Annual,PCT,Percent,2021,12.1
TPA,MFN applied tariffs,Simple average MFN applied tariff - all products,854,Burkina Faso,,,A,Annual,PCT,Percent,2022,12.0
TPA,MFN applied tariffs,Simple average MFN applied tariff - all products,854,Burkina Faso,,,A,Annual,PCT,Percent,2023,12.0
TPA,MFN applied tariffs,Simple average MFN applied tariff - all products,854,Burkina Faso,,,A,Annual,PCT,Percent,2024,12.0
TPA,MFN applied tariffs,Simple average MFN applied tariff - all products,818,Egypt,,,A,Annual,PCT,Percent,2007,16.7
TPA,MFN applied tariffs,Simple average MFN applied tariff - all products,818,Egypt,,,A,Annual,PCT,Percent,2008,16.7
TPA,MFN applied tariffs,Simple average MFN applied tariff - all products,818,Egypt,,,A,Annual,PCT,Percent,2009,17.0
TPA,MFN applied tariffs,Simple average MFN applied tariff - all products,818,Egypt,,,A,Annual,PCT,Percent,2011,16.8
TPA,MFN applied tariffs,Simple average MFN applied tariff - all products,818,Egypt,,,A,Annual,PCT,Percent,2012,16.8
TPA,MFN applied tariffs,Simple average MFN applied tariff - all products,818,Egypt,,,A,Annual,PCT,Percent,2014,16.8
TPA,MFN applied tariffs,Simple average MFN applied tariff - all products,818,Egypt,,,A,Annual,PCT,Percent,2015,16.8
TPA,MFN applied tariffs,Simple average MFN applied tariff - all products,818,Egypt,,,A,Annual,PCT,Percent,2016,17.9
TPA,MFN applied tariffs,Simple average MFN applied tariff - all products,818,Egypt,,,A,Annual,PCT,Percent,2017,19.1
TPA,MFN applied tariffs,Simple average MFN applied tariff - all products,818,Egypt,,,A,Annual,PCT,Percent,2018,19.1
TPA,MFN applied tariffs,Simple average MFN applied tariff - all products,818,Egypt,,,A,Annual,PCT,Percent,2019,19.0
TPA,MFN applied tariffs,Simple average MFN applied tariff - all products,748,Eswatini,,,A,Annual,PCT,Percent,2006,8.0
TPA,MFN applied tariffs,Simple average MFN applied tariff - all products,748,Eswatini,,,A,Annual,PCT,Percent,2007,7.8
TPA,MFN applied tariffs,Simple average MFN applied tariff - all products,748,Eswatini,,,A,Annual,PCT,Percent,2008,7.8
TPA,MFN applied tariffs,Simple average MFN applied tariff - all products,748,Eswatini,,,A,Annual,PCT,Percent,2009,7.7
TPA,MFN applied tariffs,Simple average MFN applied tariff - all products,748,Eswatini,,,A,Annual,PCT,Percent,2010,7.7
TPA,MFN applied tariffs,Simple average MFN applied tariff - all products,748,Eswatini,,,A,Annual,PCT,Percent,2011,7.7
TPA,MFN applied tariffs,Simple average MFN applied tariff - all products,748,Eswatini,,,A,Annual,PCT,Percent,2012,7.6
TPA,MFN applied tariffs,Simple average MFN applied tariff - all products,748,Eswatini,,,A,Annual,PCT,Percent,2013,7.6
TPA,MFN applied tariffs,Simple average MFN applied tariff - all products,748,Eswatini,,,A,Annual,PCT,Percent,2014,7.6
TPA,MFN applied tariffs,Simple average MFN applied tariff - all products,748,Eswatini,,,A,Annual,PCT,Percent,2015,7.6
TPA,MFN applied tariffs,Simple average MFN applied tariff - all products,748,Eswatini,,,A,Annual,PCT,Percent,2016,7.7
TPA,MFN applied tariffs,Simple average MFN applied tariff - all products,748,Eswatini,,,A,Annual,PCT,Percent,2017,7.6
TPA,MFN applied tariffs,Simple average MFN applied tariff - all products,748,Eswatini,,,A,Annual,PCT,Percent,2018,7.7
TPA,MFN applied tariffs,Simple average MFN applied tariff - all products,748,Eswatini,,,A,Annual,PCT,Percent,2019,7.7
TPA,MFN applied tariffs,Simple average MFN applied tariff - all products,748,Eswatini,,,A,Annual,PCT,Percent,2020,7.7
TPA,MFN applied tariffs,Simple average MFN applied tariff - all products,748,Eswatini,,,A,Annual,PCT,Percent,2021,7.7
TPA,MFN applied tariffs,Simple average MFN applied tariff - all products,748,Eswatini,,,A,Annual,PCT,Percent,2022,7.6
TPA,MFN applied tariffs,Simple average MFN applied tariff - all products,748,Eswatini,,,A,Annual,PCT,Percent,2023,7.5
TPA,MFN applied tariffs,Simple average MFN applied tariff - all products,748,Eswatini,,,A,Annual,PCT,Percent,2024,7.5
TPA,MFN applied tariffs,Simple average MFN applied tariff - all products,918,European Union,,,A,Annual,PCT,Percent,2006,5.4
TPA,MFN applied tariffs,Simple average MFN applied tariff - all products,918,European Union,,,A,Annual,PCT,Percent,2007,5.2
TPA,MFN applied tariffs,Simple average MFN applied tariff - all products,918,European Union,,,A,Annual,PCT,Percent,2008,5.6
TPA,MFN applied tariffs,Simple average MFN applied tariff - all products,918,European Union,,,A,Annual,PCT,Percent,2009,5.3
TPA,MFN applied tariffs,Simple average MFN applied tariff - all products,918,European Union,,,A,Annual,PCT,Percent,2010,5.1
TPA,MFN applied tariffs,Simple average MFN applied tariff - all products,918,European Union,,,A,Annual,PCT,Percent,2011,5.3
TPA,MFN applied tariffs,Simple average MFN applied tariff - all products,918,European Union,,,A,Annual,PCT,Percent,2012,5.5
TPA,MFN applied tariffs,Simple average MFN applied tariff - all products,918,European Union,,,A,Annual,PCT,Percent,2013,5.5
TPA,MFN applied tariffs,Simple average MFN applied tariff - all products,918,European Union,,,A,Annual,PCT,Percent,2014,5.3
TPA,MFN applied tariffs,Simple average MFN applied tariff - all products,918,European Union,,,A,Annual,PCT,Percent,2015,5.1
TPA,MFN applied tariffs,Simple average MFN applied tariff - all products,918,European Union,,,A,Annual,PCT,Percent,2016,5.2
TPA,MFN applied tariffs,Simple average MFN applied tariff - all products,918,European Union,,,A,Annual,PCT,Percent,2017,5.1
TPA,MFN applied tariffs,Simple average MFN applied tariff - all products,918,European Union,,,A,Annual,PCT,Percent,2018,5.2
TPA,MFN applied tariffs,Simple average MFN applied tariff - all products,918,European Union,,,A,Annual,PCT,Percent,2019,5.1
TPA,MFN applied tariffs,Simple average MFN applied tariff - all products,918,European Union,,,A,Annual,PCT,Percent,2020,5.1
TPA,MFN applied tariffs,Simple average MFN applied tariff - all products,918,European Union,,,A,Annual,PCT,Percent,2021,5.2
TPA,MFN applied tariffs,Simple average MFN applied tariff - all products,918,European Union,,,A,Annual,PCT,Percent,2022,5.1
TPA,MFN applied tariffs,Simple average MFN applied tariff - all products,918,European Union,,,A,Annual,PCT,Percent,2023,5.0
TPA,MFN applied tariffs,Simple average MFN applied tariff - all products,918,European Union,,,A,Annual,PCT,Percent,2024,5.0
TPA,MFN applied tariffs,Simple average MFN applied tariff - all products,893,Montenegro,,,A,Annual,PCT,Percent,2006,4.9
TPA,MFN applied tariffs,Simple average MFN applied tariff - all products,893,Montenegro,,,A,Annual,PCT,Percent,2007,5.0
TPA,MFN applied tariffs,Simple average MFN applied tariff - all products,893,Montenegro,,,A,Annual,PCT,Percent,2008,4.9
TPA,MFN applied tariffs,Simple average MFN applied tariff - all products,893,Montenegro,,,A,Annual,PCT,Percent,2009,4.9
TPA,MFN applied tariffs,Simple average MFN applied tariff - all products,893,Montenegro,,,A,Annual,PCT,Percent,2010,4.9
TPA,MFN applied tariffs,Simple average MFN applied tariff - all products,893,Montenegro,,,A,Annual,PCT,Percent,2011,4.9
TPA,MFN applied tariffs,Simple average MFN applied tariff - all products,893,Montenegro,,,A,Annual,PCT,Percent,2012,4.3
TPA,MFN applied tariffs,Simple average MFN applied tariff - all products,893,Montenegro,,,A,Annual,PCT,Percent,2013,4.3
TPA,MFN applied tariffs,Simple average MFN applied tariff - all products,893,Montenegro,,,A,Annual,PCT,Percent,2014,4.1
TPA,MFN applied tariffs,Simple average MFN applied tariff - all products,893,Montenegro,,,A,Annual,PCT,Percent,2015,4.0
TPA,MFN applied tariffs,Simple average MFN applied tariff - all products,893,Montenegro,,,A,Annual,PCT,Percent,2016,3.9
TPA,MFN applied tariffs,Simple average MFN applied tariff - all products,893,Montenegro,,,A,Annual,PCT,Percent,2017,3.8
TPA,MFN applied tariffs,Simple average MFN applied tariff - all products,893,Montenegro,,,A,Annual,PCT,Percent,2018,3.7
TPA,MFN applied tariffs,Simple average MFN applied tariff - all products,893,Montenegro,,,A,Annual,PCT,Percent,2019,3.7
TPA,MFN applied tariffs,Simple average MFN applied tariff - all products,893,Montenegro,,,A,Annual,PCT,Percent,2020,3.7
TPA,MFN applied tariffs,Simple average MFN applied tariff - all products,893,Montenegro,,,A,Annual,PCT,Percent,2021,3.7
TPA,MFN applied tariffs,Simple average MFN applied tariff - all products,893,Montenegro,,,A,Annual,PCT,Percent,2022,3.7
TPA,MFN applied tariffs,Simple average MFN applied tariff - all products,893,Montenegro,,,A,Annual,PCT,Percent,2023,3.7
TPA,MFN applied tariffs,Simple average MFN applied tariff - all products,893,Montenegro,,,A,Annual,PCT,Percent,2024,3.7
TPA,MFN applied tariffs,Simple average MFN applied tariff - all products,807,North Macedonia,,,A,Annual,PCT,Percent,2006,8.3
TPA,MFN applied tariffs,Simple average MFN applied tariff - all products,807,North Macedonia,,,A,Annual,PCT,Percent,2007,7.8
TPA,MFN applied tariffs,Simple average MFN applied tariff - all products,807,North Macedonia,,,A,Annual,PCT,Percent,2008,7.7
TPA,MFN applied tariffs,Simple average MFN applied tariff - all products,807,North Macedonia,,,A,Annual,PCT,Percent,2009,7.3
TPA,MFN applied tariffs,Simple average MFN applied tariff - all products,807,North Macedonia,,,A,Annual,PCT,Percent,2010,7.0
TPA,MFN applied tariffs,Simple average MFN applied tariff - all products,807,North Macedonia,,,A,Annual,PCT,Percent,2011,7.0
TPA,MFN applied tariffs,Simple average MFN applied tariff - all products,807,North Macedonia,,,A,Annual,PCT,Percent,2012,6.9
TPA,MFN applied tariffs,Simple average MFN applied tariff - all products,807,North Macedonia,,,A,Annual,PCT,Percent,2013,6.8
TPA,MFN applied tariffs,Simple average MFN applied tariff - all products,807,North Macedonia,,,A,Annual,PCT,Percent,2014,6.9
TPA,MFN applied tariffs,Simple average MFN applied tariff - all products,807,North Macedonia,,,A,Annual,PCT,Percent,2015,6.8
TPA,MFN applied tariffs,Simple average MFN applied tariff - all products,807,North Macedonia,,,A,Annual,PCT,Percent,2016,6.8
TPA,MFN applied tariffs,Simple average MFN applied tariff - all products,807,North Macedonia,,,A,Annual,PCT,Percent,2017,6.7
TPA,MFN applied tariffs,Simple average MFN applied tariff - all products,807,North Macedonia,,,A,Annual,PCT,Percent,2018,6.7
TPA,MFN applied tariffs,Simple average MFN applied tariff - all products,807,North Macedonia,,,A,Annual,PCT,Percent,2019,6.7
TPA,MFN applied tariffs,Simple average MFN applied tariff - all products,807,North Macedonia,,,A,Annual,PCT,Percent,2020,6.7
TPA,MFN applied tariffs,Simple average MFN applied tariff - all products,807,North Macedonia,,,A,Annual,PCT,Percent,2021,6.7
TPA,MFN applied tariffs,Simple average MFN applied tariff - all products,807,North Macedonia,,,A,Annual,PCT,Percent,2022,6.6
TPA,MFN applied tariffs,Simple average MFN applied tariff - all products,807,North Macedonia,,,A,Annual,PCT,Percent,2023,6.5
TPA,MFN applied tariffs,Simple average MFN applied tariff - all products,807,North Macedonia,,,A,Annual,PCT,Percent,2024,6.4
TPA,MFN applied tariffs,Simple average MFN applied tariff - all products,882,Samoa,,,A,Annual,PCT,Percent,2012,11.4
TPA,MFN applied tariffs,Simple average MFN applied tariff - all products,882,Samoa,,,A,Annual,PCT,Percent,2013,11.4
TPA,MFN applied tariffs,Simple average MFN applied tariff - all products,882,Samoa,,,A,Annual,PCT,Percent,2014,11.4
TPA,MFN applied tariffs,Simple average MFN applied tariff - all products,882,Samoa,,,A,Annual,PCT,Percent,2015,11.4
TPA,MFN applied tariffs,Simple average MFN applied tariff - all products,882,Samoa,,,A,Annual,PCT,Percent,2016,11.4
TPA,MFN applied tariffs,Simple average MFN applied tariff - all products,882,Samoa,,,A,Annual,PCT,Percent,2017,11.4
TPA,MFN applied tariffs,Simple average MFN applied tariff - all products,882,Samoa,,,A,Annual,PCT,Percent,2018,11.4
TPA,MFN applied tariffs,Simple average MFN applied tariff - all products,882,Samoa,,,A,Annual,PCT,Percent,2021,11.3
TPA,MFN applied tariffs,Simple average MFN applied tariff - all products,892,Serbia,,,A,Annual,PCT,Percent,2007,7.4
TPA,MFN applied tariffs,Simple average MFN applied tariff - all products,892,Serbia,,,A,Annual,PCT,Percent,2008,7.4
TPA,MFN applied tariffs,Simple average MFN applied tariff - all products,892,Serbia,,,A,Annual,PCT,Percent,2009,7.3
TPA,MFN applied tariffs,Simple average MFN applied tariff - all products,892,Serbia,,,A,Annual,PCT,Percent,2010,7.3
TPA,MFN applied tariffs,Simple average MFN applied tariff - all products,892,Serbia,,,A,Annual,PCT,Percent,2011,7.3
TPA,MFN applied tariffs,Simple average MFN applied tariff - all products,892,Serbia,,,A,Annual,PCT,Percent,2013,7.4
TPA,MFN applied tariffs,Simple average MFN applied tariff - all products,892,Serbia,,,A,Annual,PCT,Percent,2014,7.5
TPA,MFN applied tariffs,Simple average MFN applied tariff - all products,892,Serbia,,,A,Annual,PCT,Percent,2015,7.4
TPA,MFN applied tariffs,Simple average MFN applied tariff - all products,892,Serbia,,,A,Annual,PCT,Percent,2016,7.4
TPA,MFN applied tariffs,Simple average MFN applied tariff - all products,892,Serbia,,,A,Annual,PCT,Percent,2017,7.4
TPA,MFN applied tariffs,Simple average MFN applied tariff - all products,892,Serbia,,,A,Annual,PCT,Percent,2018,7.4
TPA,MFN applied tariffs,Simple average MFN applied tariff - all products,892,Serbia,,,A,Annual,PCT,Percent,2019,7.4
TPA,MFN applied tariffs,Simple average MFN applied tariff - all products,892,Serbia,,,A,Annual,PCT,Percent,2021,7.4
TPA,MFN applied tariffs,Simple average MFN applied tariff - all products,892,Serbia,,,A,Annual,PCT,Percent,2022,7.3
TPA,MFN applied tariffs,Simple average MFN applied tariff - all products,892,Serbia,,,A,Annual,PCT,Percent,2023,7.3
TPA,MFN applied tariffs,Simple average MFN applied tariff - all products,892,Serbia,,,A,Annual,PCT,Percent,2024,7.3
TPA,MFN applied tariffs,Simple average MFN applied tariff - all products,702,Singapore,,,A,Annual,PCT,Percent,2020,0.0
TPA,MFN applied tariffs,Simple average MFN applied tariff - all products,702,Singapore,,,A,Annual,PCT,Percent,2021,0.0
TPA,MFN applied tariffs,Simple average MFN applied tariff - all products,702,Singapore,,,A,Annual,PCT,Percent,2022,0.0
TPA,MFN applied tariffs,Simple average MFN applied tariff - all products,702,Singapore,,,A,Annual,PCT,Percent,2023,0.0
TPA,MFN applied tariffs,Simple average MFN applied tariff - all products,702,Singapore,,,A,Annual,PCT,Percent,2024,0.0
TPA,MFN applied tariffs,Simple average MFN applied tariff - all products,706,Somalia,,,A,Annual,PCT,Percent,2022,15.6
TPA,MFN applied tariffs,Simple average MFN applied tariff - all products,706,Somalia,,,A,Annual,PCT,Percent,2023,15.6
TPA,MFN applied tariffs,Simple average MFN applied tariff - all products,706,Somalia,,,A,Annual,PCT,Percent,2024,15.6
TPA,MFN applied tariffs,Simple average MFN applied tariff - all products,710,South Africa,,,A,Annual,PCT,Percent,2006,8.0
TPA,MFN applied tariffs,Simple average MFN applied tariff - all products,710,South Africa,,,A,Annual,PCT,Percent,2007,7.8
TPA,MFN applied tariffs,Simple average MFN applied tariff - all products,710,South Africa,,,A,Annual,PCT,Percent,2008,7.8
TPA,MFN applied tariffs,Simple average MFN applied tariff - all products,710,South Africa,,,A,Annual,PCT,Percent,2009,7.7
TPA,MFN applied tariffs,Simple average MFN applied tariff - all products,710,South Africa,,,A,Annual,PCT,Percent,2010,7.7
TPA,MFN applied tariffs,Simple average MFN applied tariff - all products,710,South Africa,,,A,Annual,PCT,Percent,2011,7.7
TPA,MFN applied tariffs,Simple average MFN applied tariff - all products,710,South Africa,,,A,Annual,PCT,Percent,2012,7.6
TPA,MFN applied tariffs,Simple average MFN applied tariff - all products,710,South Africa,,,A,Annual,PCT,Percent,2013,7.6
TPA,MFN applied tariffs,Simple average MFN applied tariff - all products,710,South Africa,,,A,Annual,PCT,Percent,2014,7.6
TPA,MFN applied tariffs,Simple average MFN applied tariff - all products,710,South Africa,,,A,Annual,PCT,Percent,2015,7.6
TPA,MFN applied tariffs,Simple average MFN applied tariff - all products,710,South Africa,,,A,Annual,PCT,Percent,2016,7.7
TPA,MFN applied tariffs,Simple average MFN applied tariff - all products,710,South Africa,,,A,Annual,PCT,Percent,2017,7.6
TPA,MFN applied tariffs,Simple average MFN applied tariff - all products,710,South Africa,,,A,Annual,PCT,Percent,2018,7.7
TPA,MFN applied tariffs,Simple average MFN applied tariff - all products,710,South Africa,,,A,Annual,PCT,Percent,2019,7.7
TPA,MFN applied tariffs,Simple average MFN applied tariff - all products,710,South Africa,,,A,Annual,PCT,Percent,2020,7.7
TPA,MFN applied tariffs,Simple average MFN applied tariff - all products,710,South Africa,,,A,Annual,PCT,Percent,2021,7.8
TPA,MFN applied tariffs,Simple average MFN applied tariff - all products,710,South Africa,,,A,Annual,PCT,Percent,2022,7.6
TPA,MFN applied tariffs,Simple average MFN applied tariff - all products,710,South Africa,,,A,Annual,PCT,Percent,2023,7.6
TPA,MFN applied tariffs,Simple average MFN applied tariff - all products,710,South Africa,,,A,Annual,PCT,Percent,2024,7.5
TPA,MFN applied tariffs,Simple average MFN applied tariff - all products,728,South Sudan,,,A,Annual,PCT,Percent,2022,10.2
TPA,MFN applied tariffs,Simple average MFN applied tariff - all products,728,South Sudan,,,A,Annual,PCT,Percent,2023,10.2
TPA,MFN applied tariffs,Simple average MFN applied tariff - all products,728,South Sudan,,,A,Annual,PCT,Percent,2024,10.7
TPA,MFN applied tariffs,Simple average MFN applied tariff - all products,736,Sudan,,,A,Annual,PCT,Percent,2006,20.1
TPA,MFN applied tariffs,Simple average MFN applied tariff - all products,736,Sudan,,,A,Annual,PCT,Percent,2008,20.4
TPA,MFN applied tariffs,Simple average MFN applied tariff - all products,736,Sudan,,,A,Annual,PCT,Percent,2009,20.4
TPA,MFN applied tariffs,Simple average MFN applied tariff - all products,736,Sudan,,,A,Annual,PCT,Percent,2010,19.9
TPA,MFN applied tariffs,Simple average MFN applied tariff - all products,736,Sudan,,,A,Annual,PCT,Percent,2011,19.9
TPA,MFN applied tariffs,Simple average MFN applied tariff - all products,736,Sudan,,,A,Annual,PCT,Percent,2012,21.2
TPA,MFN applied tariffs,Simple average MFN applied tariff - all products,736,Sudan,,,A,Annual,PCT,Percent,2013,21.2
TPA,MFN applied tariffs,Simple average MFN applied tariff - all products,736,Sudan,,,A,Annual,PCT,Percent,2017,21.5
TPA,MFN applied tariffs,Simple average MFN applied tariff - all products,736,Sudan,,,A,Annual,PCT,Percent,2021,21.6
TPA,MFN applied tariffs,Simple average MFN applied tariff - all products,740,Suriname,,,A,Annual,PCT,Percent,2010,10.4
TPA,MFN applied tariffs,Simple average MFN applied tariff - all products,740,Suriname,,,A,Annual,PCT,Percent,2011,10.3
TPA,MFN applied tariffs,Simple average MFN applied tariff - all products,740,Suriname,,,A,Annual,PCT,Percent,2013,10.4
TPA,MFN applied tariffs,Simple average MFN applied tariff - all products,740,Suriname,,,A,Annual,PCT,Percent,2016,10.4
TPA,MFN applied tariffs,Simple average MFN applied tariff - all products,740,Suriname,,,A,Annual,PCT,Percent,2018,10.4
TPA,MFN applied tariffs,Simple average MFN applied tariff - all products,740,Suriname,,,A,Annual,PCT,Percent,2019,10.4
TPA,MFN applied tariffs,Simple average MFN applied tariff - all products,740,Suriname,,,A,Annual,PCT,Percent,2021,10.4
TPA,MFN applied tariffs,Simple average MFN applied tariff - all products,740,Suriname,,,A,Annual,PCT,Percent,2023,10.4
TPA,MFN applied tariffs,Simple average MFN applied tariff - all products,740,Suriname,,,A,Annual,PCT,Percent,2024,10.4
TPA,MFN applied tariffs,Simple average MFN applied tariff - all products,756,Switzerland,,,A,Annual,PCT,Percent,2006,7.6
TPA,MFN applied tariffs,Simple average MFN applied tariff - all products,756,Switzerland,,,A,Annual,PCT,Percent,2007,7.5
TPA,MFN applied tariffs,Simple average MFN applied tariff - all products,756,Switzerland,,,A,Annual,PCT,Percent,2008,7.7
TPA,MFN applied tariffs,Simple average MFN applied tariff - all products,756,Switzerland,,,A,Annual,PCT,Percent,2009,6.5
TPA,MFN applied tariffs,Simple average MFN applied tariff - all products,756,Switzerland,,,A,Annual,PCT,Percent,2010,5.2
TPA,MFN applied tariffs,Simple average MFN applied tariff - all products,756,Switzerland,,,A,Annual,PCT,Percent,2011,7.8
TPA,MFN applied tariffs,Simple average MFN applied tariff - all products,756,Switzerland,,,A,Annual,PCT,Percent,2012,6.5
TPA,MFN applied tariffs,Simple average MFN applied tariff - all products,756,Switzerland,,,A,Annual,PCT,Percent,2013,6.8
TPA,MFN applied tariffs,Simple average MFN applied tariff - all products,756,Switzerland,,,A,Annual,PCT,Percent,2014,6.7
TPA,MFN applied tariffs,Simple average MFN applied tariff - all products,756,Switzerland,,,A,Annual,PCT,Percent,2015,6.7
TPA,MFN applied tariffs,Simple average MFN applied tariff - all products,756,Switzerland,,,A,Annual,PCT,Percent,2016,6.3
TPA,MFN applied tariffs,Simple average MFN applied tariff - all products,756,Switzerland,,,A,Annual,PCT,Percent,2017,6.4
TPA,MFN applied tariffs,Simple average MFN applied tariff - all products,756,Switzerland,,,A,Annual,PCT,Percent,2018,6.6
TPA,MFN applied tariffs,Simple average MFN applied tariff - all products,756,Switzerland,,,A,Annual,PCT,Percent,2019,6.0
TPA,MFN applied tariffs,Simple average MFN applied tariff - all products,756,Switzerland,,,A,Annual,PCT,Percent,2020,5.3
TPA,MFN applied tariffs,Simple average MFN applied tariff - all products,756,Switzerland,,,A,Annual,PCT,Percent,2021,5.6
TPA,MFN applied tariffs,Simple average MFN applied tariff - all products,756,Switzerland,,,A,Annual,PCT,Percent,2022,5.6
TPA,MFN applied tariffs,Simple average MFN applied tariff - all products,756,Switzerland,,,A,Annual,PCT,Percent,2023,5.2
TPA,MFN applied tariffs,Simple average MFN applied tariff - all products,756,Switzerland,,,A,Annual,PCT,Percent,2024,3.9
TPA,MFN applied tariffs,Simple average MFN applied tariff - all products,760,Syrian Arab Republic,,,A,Annual,PCT,Percent,2009,14.2
TPA,MFN applied tariffs,Simple average MFN applied tariff - all products,760,Syrian Arab Republic,,,A,Annual,PCT,Percent,2013,16.5
TPA,MFN applied tariffs,Simple average MFN applied tariff - all products,760,Syrian Arab Republic,,,A,Annual,PCT,Percent,2020,10.8
TPA,MFN applied tariffs,Simple average MFN applied tariff - all products,762,Tajikistan,,,A,Annual,PCT,Percent,2006,7.9
TPA,MFN applied tariffs,Simple average MFN applied tariff - all products,762,Tajikistan,,,A,Annual,PCT,Percent,2009,8.0
TPA,MFN applied tariffs,Simple average MFN applied tariff - all products,762,Tajikistan,,,A,Annual,PCT,Percent,2010,7.8
TPA,MFN applied tariffs,Simple average MFN applied tariff - all products,762,Tajikistan,,,A,Annual,PCT,Percent,2011,7.8
TPA,MFN applied tariffs,Simple average MFN applied tariff - all products,762,Tajikistan,,,A,Annual,PCT,Percent,2012,7.8
TPA,MFN applied tariffs,Simple average MFN applied tariff - all products,762,Tajikistan,,,A,Annual,PCT,Percent,2013,7.8
TPA,MFN applied tariffs,Simple average MFN applied tariff - all products,762,Tajikistan,,,A,Annual,PCT,Percent,2014,7.7
TPA,MFN applied tariffs,Simple average MFN applied tariff - all products,762,Tajikistan,,,A,Annual,PCT,Percent,2015,7.6
TPA,MFN applied tariffs,Simple average MFN applied tariff - all products,762,Tajikistan,,,A,Annual,PCT,Percent,2016,7.6
TPA,MFN applied tariffs,Simple average MFN applied tariff - all products,762,Tajikistan,,,A,Annual,PCT,Percent,2017,7.7
TPA,MFN applied tariffs,Simple average MFN applied tariff - all products,762,Tajikistan,,,A,Annual,PCT,Percent,2021,8.0
TPA,MFN applied tariffs,Simple average MFN applied tariff - all products,834,Tanzania,,,A,Annual,PCT,Percent,2006,12.7
TPA,MFN applied tariffs,Simple average MFN applied tariff - all products,834,Tanzania,,,A,Annual,PCT,Percent,2007,12.7
TPA,MFN applied tariffs,Simple average MFN applied tariff - all products,834,Tanzania,,,A,Annual,PCT,Percent,2008,12.6
TPA,MFN applied tariffs,Simple average MFN applied tariff - all products,834,Tanzania,,,A,Annual,PCT,Percent,2009,12.6
TPA,MFN applied tariffs,Simple average MFN applied tariff - all products,834,Tanzania,,,A,Annual,PCT,Percent,2010,12.5
TPA,MFN applied tariffs,Simple average MFN applied tariff - all products,834,Tanzania,,,A,Annual,PCT,Percent,2011,12.5
TPA,MFN applied tariffs,Simple average MFN applied tariff - all products,834,Tanzania,,,A,Annual,PCT,Percent,2012,12.9
TPA,MFN applied tariffs,Simple average MFN applied tariff - all products,834,Tanzania,,,A,Annual,PCT,Percent,2013,12.8
TPA,MFN applied tariffs,Simple average MFN applied tariff - all products,834,Tanzania,,,A,Annual,PCT,Percent,2014,12.8
TPA,MFN applied tariffs,Simple average MFN applied tariff - all products,834,Tanzania,,,A,Annual,PCT,Percent,2015,12.9
TPA,MFN applied tariffs,Simple average MFN applied tariff - all products,834,Tanzania,,,A,Annual,PCT,Percent,2016,12.9
TPA,MFN applied tariffs,Simple average MFN applied tariff - all products,834,Tanzania,,,A,Annual,PCT,Percent,2017,12.9
TPA,MFN applied tariffs,Simple average MFN applied tariff - all products,834,Tanzania,,,A,Annual,PCT,Percent,2018,13.0
TPA,MFN applied tariffs,Simple average MFN applied tariff - all products,834,Tanzania,,,A,Annual,PCT,Percent,2019,13.1
TPA,MFN applied tariffs,Simple average MFN applied tariff - all products,834,Tanzania,,,A,Annual,PCT,Percent,2020,13.1
TPA,MFN applied tariffs,Simple average MFN applied tariff - all products,834,Tanzania,,,A,Annual,PCT,Percent,2021,13.1
TPA,MFN applied tariffs,Simple average MFN applied tariff - all products,834,Tanzania,,,A,Annual,PCT,Percent,2022,13.9
TPA,MFN applied tariffs,Simple average MFN applied tariff - all products,834,Tanzania,,,A,Annual,PCT,Percent,2023,14.1
TPA,MFN applied tariffs,Simple average MFN applied tariff - all products,834,Tanzania,,,A,Annual,PCT,Percent,2024,14.2
TPA,MFN applied tariffs,Simple average MFN applied tariff - all products,764,Thailand,,,A,Annual,PCT,Percent,2006,10.0
TPA,MFN applied tariffs,Simple average MFN applied tariff - all products,764,Thailand,,,A,Annual,PCT,Percent,2007,10.5
TPA,MFN applied tariffs,Simple average MFN applied tariff - all products,764,Thailand,,,A,Annual,PCT,Percent,2009,9.9
TPA,MFN applied tariffs,Simple average MFN applied tariff - all products,764,Thailand,,,A,Annual,PCT,Percent,2010,9.9
TPA,MFN applied tariffs,Simple average MFN applied tariff - all products,764,Thailand,,,A,Annual,PCT,Percent,2011,9.8
TPA,MFN applied tariffs,Simple average MFN applied tariff - all products,764,Thailand,,,A,Annual,PCT,Percent,2013,11.4
TPA,MFN applied tariffs,Simple average MFN applied tariff - all products,764,Thailand,,,A,Annual,PCT,Percent,2014,11.6
TPA,MFN applied tariffs,Simple average MFN applied tariff - all products,764,Thailand,,,A,Annual,PCT,Percent,2015,11.0
TPA,MFN applied tariffs,Simple average MFN applied tariff - all products,764,Thailand,,,A,Annual,PCT,Percent,2017,9.6
TPA,MFN applied tariffs,Simple average MFN applied tariff - all products,764,Thailand,,,A,Annual,PCT,Percent,2019,10.2
TPA,MFN applied tariffs,Simple average MFN applied tariff - all products,764,Thailand,,,A,Annual,PCT,Percent,2020,10.2
TPA,MFN applied tariffs,Simple average MFN applied tariff - all products,764,Thailand,,,A,Annual,PCT,Percent,2021,11.5
TPA,MFN applied tariffs,Simple average MFN applied tariff - all products,764,Thailand,,,A,Annual,PCT,Percent,2022,9.7
TPA,MFN applied tariffs,Simple average MFN applied tariff - all products,764,Thailand,,,A,Annual,PCT,Percent,2023,9.8
TPA,MFN applied tariffs,Simple average MFN applied tariff - all products,764,Thailand,,,A,Annual,PCT,Percent,2024,9.9
TPA,MFN applied tariffs,Simple average MFN applied tariff - all products,768,Togo,,,A,Annual,PCT,Percent,2006,12.0
TPA,MFN applied tariffs,Simple average MFN applied tariff - all products,768,Togo,,,A,Annual,PCT,Percent,2007,11.9
TPA,MFN applied tariffs,Simple average MFN applied tariff - all products,768,Togo,,,A,Annual,PCT,Percent,2008,11.9
TPA,MFN applied tariffs,Simple average MFN applied tariff - all products,768,Togo,,,A,Annual,PCT,Percent,2009,11.9
TPA,MFN applied tariffs,Simple average MFN applied tariff - all products,768,Togo,,,A,Annual,PCT,Percent,2010,11.9
TPA,MFN applied tariffs,Simple average MFN applied tariff - all products,768,Togo,,,A,Annual,PCT,Percent,2011,11.9
TPA,MFN applied tariffs,Simple average MFN applied tariff - all products,768,Togo,,,A,Annual,PCT,Percent,2012,11.9
TPA,MFN applied tariffs,Simple average MFN applied tariff - all products,768,Togo,,,A,Annual,PCT,Percent,2013,11.9
TPA,MFN applied tariffs,Simple average MFN applied tariff - all products,768,Togo,,,A,Annual,PCT,Percent,2014,11.9
TPA,MFN applied tariffs,Simple average MFN applied tariff - all products,768,Togo,,,A,Annual,PCT,Percent,2015,12.2
TPA,MFN applied tariffs,Simple average MFN applied tariff - all products,768,Togo,,,A,Annual,PCT,Percent,2016,12.2
TPA,MFN applied tariffs,Simple average MFN applied tariff - all products,768,Togo,,,A,Annual,PCT,Percent,2017,12.2
TPA,MFN applied tariffs,Simple average MFN applied tariff - all products,768,Togo,,,A,Annual,PCT,Percent,2018,12.2
TPA,MFN applied tariffs,Simple average MFN applied tariff - all products,768,Togo,,,A,Annual,PCT,Percent,2019,12.1
TPA,MFN applied tariffs,Simple average MFN applied tariff - all products,768,Togo,,,A,Annual,PCT,Percent,2020,12.1
TPA,MFN applied tariffs,Simple average MFN applied tariff - all products,768,Togo,,,A,Annual,PCT,Percent,2021,12.1
TPA,MFN applied tariffs,Simple average MFN applied tariff - all products,768,Togo,,,A,Annual,PCT,Percent,2022,12.0
TPA,MFN applied tariffs,Simple average MFN applied tariff - all products,768,Togo,,,A,Annual,PCT,Percent,2023,12.0
TPA,MFN applied tariffs,Simple average MFN applied tariff - all products,768,Togo,,,A,Annual,PCT,Percent,2024,12.0
TPA,MFN applied tariffs,Simple average MFN applied tariff - all products,776,Tonga,,,A,Annual,PCT,Percent,2006,15.6
TPA,MFN applied tariffs,Simple average MFN applied tariff - all products,776,Tonga,,,A,Annual,PCT,Percent,2009,11.7
TPA,MFN applied tariffs,Simple average MFN applied tariff - all products,776,Tonga,,,A,Annual,PCT,Percent,2010,11.7
TPA,MFN applied tariffs,Simple average MFN applied tariff - all products,776,Tonga,,,A,Annual,PCT,Percent,2011,11.7
TPA,MFN applied tariffs,Simple average MFN applied tariff - all products,776,Tonga,,,A,Annual,PCT,Percent,2012,12.0
TPA,MFN applied tariffs,Simple average MFN applied tariff - all products,776,Tonga,,,A,Annual,PCT,Percent,2013,11.7
TPA,MFN applied tariffs,Simple average MFN applied tariff - all products,776,Tonga,,,A,Annual,PCT,Percent,2014,11.7
TPA,MFN applied tariffs,Simple average MFN applied tariff - all products,776,Tonga,,,A,Annual,PCT,Percent,2015,11.7
TPA,MFN applied tariffs,Simple average MFN applied tariff - all products,776,Tonga,,,A,Annual,PCT,Percent,2016,11.0
TPA,MFN applied tariffs,Simple average MFN applied tariff - all products,776,Tonga,,,A,Annual,PCT,Percent,2017,11.2
TPA,MFN applied tariffs,Simple average MFN applied tariff - all products,776,Tonga,,,A,Annual,PCT,Percent,2021,10.7
TPA,MFN applied tariffs,Simple average MFN applied tariff - all products,776,Tonga,,,A,Annual,PCT,Percent,2022,10.7
TPA,MFN applied tariffs,Simple average MFN applied tariff - all products,776,Tonga,,,A,Annual,PCT,Percent,2023,10.7
TPA,MFN applied tariffs,Simple average MFN applied tariff - all products,776,Tonga,,,A,Annual,PCT,Percent,2024,10.7
TPA,MFN applied tariffs,Simple average MFN applied tariff - all products,780,Trinidad and Tobago,,,A,Annual,PCT,Percent,2006,7.8
TPA,MFN applied tariffs,Simple average MFN applied tariff - all products,780,Trinidad and Tobago,,,A,Annual,PCT,Percent,2007,7.5
TPA,MFN applied tariffs,Simple average MFN applied tariff - all products,780,Trinidad and Tobago,,,A,Annual,PCT,Percent,2008,7.5
TPA,MFN applied tariffs,Simple average MFN applied tariff - all products,780,Trinidad and Tobago,,,A,Annual,PCT,Percent,2011,7.5
TPA,MFN applied tariffs,Simple average MFN applied tariff - all products,780,Trinidad and Tobago,,,A,Annual,PCT,Percent,2013,10.7
TPA,MFN applied tariffs,Simple average MFN applied tariff - all products,780,Trinidad and Tobago,,,A,Annual,PCT,Percent,2018,8.1
TPA,MFN applied tariffs,Simple average MFN applied tariff - all products,780,Trinidad and Tobago,,,A,Annual,PCT,Percent,2021,8.3
TPA,MFN applied tariffs,Simple average MFN applied tariff - all products,780,Trinidad and Tobago,,,A,Annual,PCT,Percent,2022,8.3
TPA,MFN applied tariffs,Simple average MFN applied tariff - all products,780,Trinidad and Tobago,,,A,Annual,PCT,Percent,2023,8.2
TPA,MFN applied tariffs,Simple average MFN applied tariff - all products,788,Tunisia,,,A,Annual,PCT,Percent,2006,26.8
TPA,MFN applied tariffs,Simple average MFN applied tariff - all products,788,Tunisia,,,A,Annual,PCT,Percent,2008,21.5
TPA,MFN applied tariffs,Simple average MFN applied tariff - all products,788,Tunisia,,,A,Annual,PCT,Percent,2010,16.5
TPA,MFN applied tariffs,Simple average MFN applied tariff - all products,788,Tunisia,,,A,Annual,PCT,Percent,2011,16.0
TPA,MFN applied tariffs,Simple average MFN applied tariff - all products,788,Tunisia,,,A,Annual,PCT,Percent,2012,15.5
TPA,MFN applied tariffs,Simple average MFN applied tariff - all products,788,Tunisia,,,A,Annual,PCT,Percent,2013,14.1
TPA,MFN applied tariffs,Simple average MFN applied tariff - all products,788,Tunisia,,,A,Annual,PCT,Percent,2015,15.5
TPA,MFN applied tariffs,Simple average MFN applied tariff - all products,788,Tunisia,,,A,Annual,PCT,Percent,2016,11.6
TPA,MFN applied tariffs,Simple average MFN applied tariff - all products,788,Tunisia,,,A,Annual,PCT,Percent,2022,19.5
TPA,MFN applied tariffs,Simple average MFN applied tariff - all products,788,Tunisia,,,A,Annual,PCT,Percent,2023,19.5
TPA,MFN applied tariffs,Simple average MFN applied tariff - all products,788,Tunisia,,,A,Annual,PCT,Percent,2024,19.4
TPA,MFN applied tariffs,Simple average MFN applied tariff - all products,798,Tuvalu,,,A,Annual,PCT,Percent,2010,7.7
TPA,MFN applied tariffs,Simple average MFN applied tariff - all products,792,Türkiye,,,A,Annual,PCT,Percent,2006,9.6
TPA,MFN applied tariffs,Simple average MFN applied tariff - all products,792,Türkiye,,,A,Annual,PCT,Percent,2007,10.0
TPA,MFN applied tariffs,Simple average MFN applied tariff - all products,792,Türkiye,,,A,Annual,PCT,Percent,2008,9.8
TPA,MFN applied tariffs,Simple average MFN applied tariff - all products,792,Türkiye,,,A,Annual,PCT,Percent,2010,9.9
TPA,MFN applied tariffs,Simple average MFN applied tariff - all products,792,Türkiye,,,A,Annual,PCT,Percent,2011,9.6
TPA,MFN applied tariffs,Simple average MFN applied tariff - all products,792,Türkiye,,,A,Annual,PCT,Percent,2013,10.8
TPA,MFN applied tariffs,Simple average MFN applied tariff - all products,792,Türkiye,,,A,Annual,PCT,Percent,2014,10.7
TPA,MFN applied tariffs,Simple average MFN applied tariff - all products,792,Türkiye,,,A,Annual,PCT,Percent,2015,10.8
TPA,MFN applied tariffs,Simple average MFN applied tariff - all products,792,Türkiye,,,A,Annual,PCT,Percent,2016,10.9
TPA,MFN applied tariffs,Simple average MFN applied tariff - all products,792,Türkiye,,,A,Annual,PCT,Percent,2017,10.9
TPA,MFN applied tariffs,Simple average MFN applied tariff - all products,792,Türkiye,,,A,Annual,PCT,Percent,2018,10.7
TPA,MFN applied tariffs,Simple average MFN applied tariff - all products,792,Türkiye,,,A,Annual,PCT,Percent,2019,11.1
TPA,MFN applied tariffs,Simple average MFN applied tariff - all products,792,Türkiye,,,A,Annual,PCT,Percent,2021,10.7
TPA,MFN applied tariffs,Simple average MFN applied tariff - all products,792,Türkiye,,,A,Annual,PCT,Percent,2022,16.8
TPA,MFN applied tariffs,Simple average MFN applied tariff - all products,792,Türkiye,,,A,Annual,PCT,Percent,2023,16.2
TPA,MFN applied tariffs,Simple average MFN applied tariff - all products,792,Türkiye,,,A,Annual,PCT,Percent,2024,17.3
TPA,MFN applied tariffs,Simple average MFN applied tariff - all products,800,Uganda,,,A,Annual,PCT,Percent,2006,12.7
TPA,MFN applied tariffs,Simple average MFN applied tariff - all products,800,Uganda,,,A,Annual,PCT,Percent,2007,12.6
TPA,MFN applied tariffs,Simple average MFN applied tariff - all products,800,Uganda,,,A,Annual,PCT,Percent,2008,12.6
TPA,MFN applied tariffs,Simple average MFN applied tariff - all products,800,Uganda,,,A,Annual,PCT,Percent,2009,12.6
TPA,MFN applied tariffs,Simple average MFN applied tariff - all products,800,Uganda,,,A,Annual,PCT,Percent,2010,12.5
TPA,MFN applied tariffs,Simple average MFN applied tariff - all products,800,Uganda,,,A,Annual,PCT,Percent,2011,12.5
TPA,MFN applied tariffs,Simple average MFN applied tariff - all products,800,Uganda,,,A,Annual,PCT,Percent,2012,12.8
TPA,MFN applied tariffs,Simple average MFN applied tariff - all products,800,Uganda,,,A,Annual,PCT,Percent,2013,12.8
TPA,MFN applied tariffs,Simple average MFN applied tariff - all products,800,Uganda,,,A,Annual,PCT,Percent,2014,12.7
TPA,MFN applied tariffs,Simple average MFN applied tariff - all products,800,Uganda,,,A,Annual,PCT,Percent,2015,12.8
TPA,MFN applied tariffs,Simple average MFN applied tariff - all products,800,Uganda,,,A,Annual,PCT,Percent,2016,12.8
TPA,MFN applied tariffs,Simple average MFN applied tariff - all products,800,Uganda,,,A,Annual,PCT,Percent,2017,12.7
TPA,MFN applied tariffs,Simple average MFN applied tariff - all products,800,Uganda,,,A,Annual,PCT,Percent,2018,13.0
TPA,MFN applied tariffs,Simple average MFN applied tariff - all products,800,Uganda,,,A,Annual,PCT,Percent,2019,13.5
TPA,MFN applied tariffs,Simple average MFN applied tariff - all products,800,Uganda,,,A,Annual,PCT,Percent,2020,13.7
TPA,MFN applied tariffs,Simple average MFN applied tariff - all products,800,Uganda,,,A,Annual,PCT,Percent,2021,17.6
TPA,MFN applied tariffs,Simple average MFN applied tariff - all products,800,Uganda,,,A,Annual,PCT,Percent,2022,18.4
TPA,MFN applied tariffs,Simple average MFN applied tariff - all products,800,Uganda,,,A,Annual,PCT,Percent,2023,15.6
TPA,MFN applied tariffs,Simple average MFN applied tariff - all products,800,Uganda,,,A,Annual,PCT,Percent,2024,15.8
TPA,MFN applied tariffs,Simple average MFN applied tariff - all products,804,Ukraine,,,A,Annual,PCT,Percent,2006,6.9
TPA,MFN applied tariffs,Simple average MFN applied tariff - all products,804,Ukraine,,,A,Annual,PCT,Percent,2008,5.5
TPA,MFN applied tariffs,Simple average MFN applied tariff - all products,804,Ukraine,,,A,Annual,PCT,Percent,2009,4.5
TPA,MFN applied tariffs,Simple average MFN applied tariff - all products,804,Ukraine,,,A,Annual,PCT,Percent,2010,4.5
TPA,MFN applied tariffs,Simple average MFN applied tariff - all products,804,Ukraine,,,A,Annual,PCT,Percent,2011,4.5
TPA,MFN applied tariffs,Simple average MFN applied tariff - all products,804,Ukraine,,,A,Annual,PCT,Percent,2012,4.5
TPA,MFN applied tariffs,Simple average MFN applied tariff - all products,804,Ukraine,,,A,Annual,PCT,Percent,2013,4.5
TPA,MFN applied tariffs,Simple average MFN applied tariff - all products,804,Ukraine,,,A,Annual,PCT,Percent,2014,4.5
TPA,MFN applied tariffs,Simple average MFN applied tariff - all products,804,Ukraine,,,A,Annual,PCT,Percent,2015,4.5
TPA,MFN applied tariffs,Simple average MFN applied tariff - all products,804,Ukraine,,,A,Annual,PCT,Percent,2016,4.5
TPA,MFN applied tariffs,Simple average MFN applied tariff - all products,804,Ukraine,,,A,Annual,PCT,Percent,2017,4.5
TPA,MFN applied tariffs,Simple average MFN applied tariff - all products,804,Ukraine,,,A,Annual,PCT,Percent,2018,4.5
TPA,MFN applied tariffs,Simple average MFN applied tariff - all products,804,Ukraine,,,A,Annual,PCT,Percent,2019,4.5
TPA,MFN applied tariffs,Simple average MFN applied tariff - all products,804,Ukraine,,,A,Annual,PCT,Percent,2020,4.5
TPA,MFN applied tariffs,Simple average MFN applied tariff - all products,804,Ukraine,,,A,Annual,PCT,Percent,2021,4.4
TPA,MFN applied tariffs,Simple average MFN applied tariff - all products,804,Ukraine,,,A,Annual,PCT,Percent,2022,4.4
TPA,MFN applied tariffs,Simple average MFN applied tariff - all products,804,Ukraine,,,A,Annual,PCT,Percent,2023,4.3
TPA,MFN applied tariffs,Simple average MFN applied tariff - all products,804,Ukraine,,,A,Annual,PCT,Percent,2024,4.3
TPA,MFN applied tariffs,Simple average MFN applied tariff - all products,784,United Arab Emirates,,,A,Annual,PCT,Percent,2006,5.0
TPA,MFN applied tariffs,Simple average MFN applied tariff - all products,784,United Arab Emirates,,,A,Annual,PCT,Percent,2007,5.0
TPA,MFN applied tariffs,Simple average MFN applied tariff - all products,784,United Arab Emirates,,,A,Annual,PCT,Percent,2008,5.0
TPA,MFN applied tariffs,Simple average MFN applied tariff - all products,784,United Arab Emirates,,,A,Annual,PCT,Percent,2009,4.9
TPA,MFN applied tariffs,Simple average MFN applied tariff - all products,784,United Arab Emirates,,,A,Annual,PCT,Percent,2011,4.9
TPA,MFN applied tariffs,Simple average MFN applied tariff - all products,784,United Arab Emirates,,,A,Annual,PCT,Percent,2012,4.7
TPA,MFN applied tariffs,Simple average MFN applied tariff - all products,784,United Arab Emirates,,,A,Annual,PCT,Percent,2013,4.7
TPA,MFN applied tariffs,Simple average MFN applied tariff - all products,784,United Arab Emirates,,,A,Annual,PCT,Percent,2014,4.7
TPA,MFN applied tariffs,Simple average MFN applied tariff - all products,784,United Arab Emirates,,,A,Annual,PCT,Percent,2015,4.7
TPA,MFN applied tariffs,Simple average MFN applied tariff - all products,784,United Arab Emirates,,,A,Annual,PCT,Percent,2016,4.7
TPA,MFN applied tariffs,Simple average MFN applied tariff - all products,784,United Arab Emirates,,,A,Annual,PCT,Percent,2017,4.8
TPA,MFN applied tariffs,Simple average MFN applied tariff - all products,784,United Arab Emirates,,,A,Annual,PCT,Percent,2018,4.8
TPA,MFN applied tariffs,Simple average MFN applied tariff - all products,784,United Arab Emirates,,,A,Annual,PCT,Percent,2019,4.8
TPA,MFN applied tariffs,Simple average MFN applied tariff - all products,784,United Arab Emirates,,,A,Annual,PCT,Percent,2020,4.7
TPA,MFN applied tariffs,Simple average MFN applied tariff - all products,784,United Arab Emirates,,,A,Annual,PCT,Percent,2021,4.8
TPA,MFN applied tariffs,Simple average MFN applied tariff - all products,784,United Arab Emirates,,,A,Annual,PCT,Percent,2022,4.7
TPA,MFN applied tariffs,Simple average MFN applied tariff - all products,784,United Arab Emirates,,,A,Annual,PCT,Percent,2023,4.7
TPA,MFN applied tariffs,Simple average MFN applied tariff - all products,784,United Arab Emirates,,,A,Annual,PCT,Percent,2024,4.7
TPA,MFN applied tariffs,Simple average MFN applied tariff - all products,826,United Kingdom,,,A,Annual,PCT,Percent,2021,3.9
TPA,MFN applied tariffs,Simple average MFN applied tariff - all products,826,United Kingdom,,,A,Annual,PCT,Percent,2022,3.8
TPA,MFN applied tariffs,Simple average MFN applied tariff - all products,826,United Kingdom,,,A,Annual,PCT,Percent,2023,3.8
TPA,MFN applied tariffs,Simple average MFN applied tariff - all products,826,United Kingdom,,,A,Annual,PCT,Percent,2024,3.7
TPA,MFN applied tariffs,Simple average MFN applied tariff - all products,840,United States of America,,,A,Annual,PCT,Percent,2006,3.5
TPA,MFN applied tariffs,Simple average MFN applied tariff - all products,840,United States of America,,,A,Annual,PCT,Percent,2007,3.5
TPA,MFN applied tariffs,Simple average MFN applied tariff - all products,840,United States of America,,,A,Annual,PCT,Percent,2008,3.5
TPA,MFN applied tariffs,Simple average MFN applied tariff - all products,840,United States of America,,,A,Annual,PCT,Percent,2009,3.5
TPA,MFN applied tariffs,Simple average MFN applied tariff - all products,840,United States of America,,,A,Annual,PCT,Percent,2010,3.5
TPA,MFN applied tariffs,Simple average MFN applied tariff - all products,840,United States of America,,,A,Annual,PCT,Percent,2011,3.5
TPA,MFN applied tariffs,Simple average MFN applied tariff - all products,840,United States of America,,,A,Annual,PCT,Percent,2012,3.4
TPA,MFN applied tariffs,Simple average MFN applied tariff - all products,840,United States of America,,,A,Annual,PCT,Percent,2013,3.4
TPA,MFN applied tariffs,Simple average MFN applied tariff - all products,840,United States of America,,,A,Annual,PCT,Percent,2014,3.5
TPA,MFN applied tariffs,Simple average MFN applied tariff - all products,840,United States of America,,,A,Annual,PCT,Percent,2015,3.5
TPA,MFN applied tariffs,Simple average MFN applied tariff - all products,840,United States of America,,,A,Annual,PCT,Percent,2016,3.5
TPA,MFN applied tariffs,Simple average MFN applied tariff - all products,840,United States of America,,,A,Annual,PCT,Percent,2017,3.4
TPA,MFN applied tariffs,Simple average MFN applied tariff - all products,840,United States of America,,,A,Annual,PCT,Percent,2018,3.5
TPA,MFN applied tariffs,Simple average MFN applied tariff - all products,840,United States of America,,,A,Annual,PCT,Percent,2019,3.3
TPA,MFN applied tariffs,Simple average MFN applied tariff - all products,840,United States of America,,,A,Annual,PCT,Percent,2020,3.4
TPA,MFN applied tariffs,Simple average MFN applied tariff - all products,840,United States of America,,,A,Annual,PCT,Percent,2021,3.4
TPA,MFN applied tariffs,Simple average MFN applied tariff - all products,840,United States of America,,,A,Annual,PCT,Percent,2022,3.3
TPA,MFN applied tariffs,Simple average MFN applied tariff - all products,840,United States of America,,,A,Annual,PCT,Percent,2023,3.3
TPA,MFN applied tariffs,Simple average MFN applied tariff - all products,840,United States of America,,,A,Annual,PCT,Percent,2024,3.3
TPA,MFN applied tariffs,Simple average MFN applied tariff - all products,858,Uruguay,,,A,Annual,PCT,Percent,2006,10.6
TPA,MFN applied tariffs,Simple average MFN applied tariff - all products,858,Uruguay,,,A,Annual,PCT,Percent,2007,10.6
TPA,MFN applied tariffs,Simple average MFN applied tariff - all products,858,Uruguay,,,A,Annual,PCT,Percent,2008,10.5
TPA,MFN applied tariffs,Simple average MFN applied tariff - all products,858,Uruguay,,,A,Annual,PCT,Percent,2009,10.5
TPA,MFN applied tariffs,Simple average MFN applied tariff - all products,858,Uruguay,,,A,Annual,PCT,Percent,2010,10.6
TPA,MFN applied tariffs,Simple average MFN applied tariff - all products,858,Uruguay,,,A,Annual,PCT,Percent,2011,10.5
TPA,MFN applied tariffs,Simple average MFN applied tariff - all products,858,Uruguay,,,A,Annual,PCT,Percent,2012,10.5
TPA,MFN applied tariffs,Simple average MFN applied tariff - all products,858,Uruguay,,,A,Annual,PCT,Percent,2013,10.5
TPA,MFN applied tariffs,Simple average MFN applied tariff - all products,858,Uruguay,,,A,Annual,PCT,Percent,2014,10.5
TPA,MFN applied tariffs,Simple average MFN applied tariff - all products,858,Uruguay,,,A,Annual,PCT,Percent,2015,10.5
TPA,MFN applied tariffs,Simple average MFN applied tariff - all products,858,Uruguay,,,A,Annual,PCT,Percent,2016,10.4
TPA,MFN applied tariffs,Simple average MFN applied tariff - all products,858,Uruguay,,,A,Annual,PCT,Percent,2017,10.3
TPA,MFN applied tariffs,Simple average MFN applied tariff - all products,858,Uruguay,,,A,Annual,PCT,Percent,2018,10.3
TPA,MFN applied tariffs,Simple average MFN applied tariff - all products,858,Uruguay,,,A,Annual,PCT,Percent,2019,10.3
TPA,MFN applied tariffs,Simple average MFN applied tariff - all products,858,Uruguay,,,A,Annual,PCT,Percent,2020,10.3
TPA,MFN applied tariffs,Simple average MFN applied tariff - all products,858,Uruguay,,,A,Annual,PCT,Percent,2021,10.3
TPA,MFN applied tariffs,Simple average MFN applied tariff - all products,858,Uruguay,,,A,Annual,PCT,Percent,2022,10.1
TPA,MFN applied tariffs,Simple average MFN applied tariff - all products,858,Uruguay,,,A,Annual,PCT,Percent,2023,10.1
TPA,MFN applied tariffs,Simple average MFN applied tariff - all products,858,Uruguay,,,A,Annual,PCT,Percent,2024,9.0
TPA,MFN applied tariffs,Simple average MFN applied tariff - all products,860,Uzbekistan,,,A,Annual,PCT,Percent,2006,15.6
TPA,MFN applied tariffs,Simple average MFN applied tariff - all products,860,Uzbekistan,,,A,Annual,PCT,Percent,2007,15.6
TPA,MFN applied tariffs,Simple average MFN applied tariff - all products,860,Uzbekistan,,,A,Annual,PCT,Percent,2008,15.5
TPA,MFN applied tariffs,Simple average MFN applied tariff - all products,860,Uzbekistan,,,A,Annual,PCT,Percent,2009,15.4
TPA,MFN applied tariffs,Simple average MFN applied tariff - all products,860,Uzbekistan,,,A,Annual,PCT,Percent,2012,15.4
TPA,MFN applied tariffs,Simple average MFN applied tariff - all products,860,Uzbekistan,,,A,Annual,PCT,Percent,2014,14.8
TPA,MFN applied tariffs,Simple average MFN applied tariff - all products,860,Uzbekistan,,,A,Annual,PCT,Percent,2015,14.8
TPA,MFN applied tariffs,Simple average MFN applied tariff - all products,860,Uzbekistan,,,A,Annual,PCT,Percent,2020,7.6
TPA,MFN applied tariffs,Simple average MFN applied tariff - all products,860,Uzbekistan,,,A,Annual,PCT,Percent,2021,7.3
TPA,MFN applied tariffs,Simple average MFN applied tariff - all products,862,"Venezuela, Bolivarian Republic of",,,A,Annual,PCT,Percent,2006,13.0
TPA,MFN applied tariffs,Simple average MFN applied tariff - all products,862,"Venezuela, Bolivarian Republic of",,,A,Annual,PCT,Percent,2007,13.2
TPA,MFN applied tariffs,Simple average MFN applied tariff - all products,862,"Venezuela, Bolivarian Republic of",,,A,Annual,PCT,Percent,2008,13.3
TPA,MFN applied tariffs,Simple average MFN applied tariff - all products,862,"Venezuela, Bolivarian Republic of",,,A,Annual,PCT,Percent,2009,12.5
TPA,MFN applied tariffs,Simple average MFN applied tariff - all products,862,"Venezuela, Bolivarian Republic of",,,A,Annual,PCT,Percent,2010,12.5
TPA,MFN applied tariffs,Simple average MFN applied tariff - all products,862,"Venezuela, Bolivarian Republic of",,,A,Annual,PCT,Percent,2011,12.5
TPA,MFN applied tariffs,Simple average MFN applied tariff - all products,862,"Venezuela, Bolivarian Republic of",,,A,Annual,PCT,Percent,2012,13.3
TPA,MFN applied tariffs,Simple average MFN applied tariff - all products,862,"Venezuela, Bolivarian Republic of",,,A,Annual,PCT,Percent,2013,13.3
TPA,MFN applied tariffs,Simple average MFN applied tariff - all products,862,"Venezuela, Bolivarian Republic of",,,A,Annual,PCT,Percent,2014,12.9
TPA,MFN applied tariffs,Simple average MFN applied tariff - all products,862,"Venezuela, Bolivarian Republic of",,,A,Annual,PCT,Percent,2015,12.9
TPA,MFN applied tariffs,Simple average MFN applied tariff - all products,862,"Venezuela, Bolivarian Republic of",,,A,Annual,PCT,Percent,2016,12.7
TPA,MFN applied tariffs,Simple average MFN applied tariff - all products,862,"Venezuela, Bolivarian Republic of",,,A,Annual,PCT,Percent,2017,13.8
TPA,MFN applied tariffs,Simple average MFN applied tariff - all products,862,"Venezuela, Bolivarian Republic of",,,A,Annual,PCT,Percent,2018,13.8
TPA,MFN applied tariffs,Simple average MFN applied tariff - all products,862,"Venezuela, Bolivarian Republic of",,,A,Annual,PCT,Percent,2019,13.8
TPA,MFN applied tariffs,Simple average MFN applied tariff - all products,862,"Venezuela, Bolivarian Republic of",,,A,Annual,PCT,Percent,2021,13.8
TPA,MFN applied tariffs,Simple average MFN applied tariff - all products,862,"Venezuela, Bolivarian Republic of",,,A,Annual,PCT,Percent,2022,13.8
TPA,MFN applied tariffs,Simple average MFN applied tariff - all products,862,"Venezuela, Bolivarian Republic of",,,A,Annual,PCT,Percent,2023,13.8
TPA,MFN applied tariffs,Simple average MFN applied tariff - all products,704,Viet Nam,,,A,Annual,PCT,Percent,2006,16.8
TPA,MFN applied tariffs,Simple average MFN applied tariff - all products,704,Viet Nam,,,A,Annual,PCT,Percent,2007,16.8
TPA,MFN applied tariffs,Simple average MFN applied tariff - all products,704,Viet Nam,,,A,Annual,PCT,Percent,2009,10.9
TPA,MFN applied tariffs,Simple average MFN applied tariff - all products,704,Viet Nam,,,A,Annual,PCT,Percent,2010,9.8
TPA,MFN applied tariffs,Simple average MFN applied tariff - all products,704,Viet Nam,,,A,Annual,PCT,Percent,2012,9.5
TPA,MFN applied tariffs,Simple average MFN applied tariff - all products,704,Viet Nam,,,A,Annual,PCT,Percent,2013,9.5
TPA,MFN applied tariffs,Simple average MFN applied tariff - all products,704,Viet Nam,,,A,Annual,PCT,Percent,2014,9.5
TPA,MFN applied tariffs,Simple average MFN applied tariff - all products,704,Viet Nam,,,A,Annual,PCT,Percent,2015,9.5
TPA,MFN applied tariffs,Simple average MFN applied tariff - all products,704,Viet Nam,,,A,Annual,PCT,Percent,2016,9.6
TPA,MFN applied tariffs,Simple average MFN applied tariff - all products,704,Viet Nam,,,A,Annual,PCT,Percent,2017,9.6
TPA,MFN applied tariffs,Simple average MFN applied tariff - all products,704,Viet Nam,,,A,Annual,PCT,Percent,2018,9.5
TPA,MFN applied tariffs,Simple average MFN applied tariff - all products,704,Viet Nam,,,A,Annual,PCT,Percent,2019,9.6
TPA,MFN applied tariffs,Simple average MFN applied tariff - all products,704,Viet Nam,,,A,Annual,PCT,Percent,2020,9.5
TPA,MFN applied tariffs,Simple average MFN applied tariff - all products,704,Viet Nam,,,A,Annual,PCT,Percent,2021,9.6
TPA,MFN applied tariffs,Simple average MFN applied tariff - all products,704,Viet Nam,,,A,Annual,PCT,Percent,2022,9.6
TPA,MFN applied tariffs,Simple average MFN applied tariff - all products,704,Viet Nam,,,A,Annual,PCT,Percent,2023,9.4
TPA,MFN applied tariffs,Simple average MFN applied tariff - all products,704,Viet Nam,,,A,Annual,PCT,Percent,2024,9.5
TPA,MFN applied tariffs,Simple average MFN applied tariff - all products,887,Yemen,,,A,Annual,PCT,Percent,2006,7.1
TPA,MFN applied tariffs,Simple average MFN applied tariff - all products,887,Yemen,,,A,Annual,PCT,Percent,2009,7.1
TPA,MFN applied tariffs,Simple average MFN applied tariff - all products,887,Yemen,,,A,Annual,PCT,Percent,2011,7.1
TPA,MFN applied tariffs,Simple average MFN applied tariff - all products,887,Yemen,,,A,Annual,PCT,Percent,2012,7.5
TPA,MFN applied tariffs,Simple average MFN applied tariff - all products,887,Yemen,,,A,Annual,PCT,Percent,2013,7.5
TPA,MFN applied tariffs,Simple average MFN applied tariff - all products,887,Yemen,,,A,Annual,PCT,Percent,2015,7.5
TPA,MFN applied tariffs,Simple average MFN applied tariff - all products,887,Yemen,,,A,Annual,PCT,Percent,2016,7.5
TPA,MFN applied tariffs,Simple average MFN applied tariff - all products,887,Yemen,,,A,Annual,PCT,Percent,2017,7.6
TPA,MFN applied tariffs,Simple average MFN applied tariff - all products,894,Zambia,,,A,Annual,PCT,Percent,2007,13.9
TPA,MFN applied tariffs,Simple average MFN applied tariff - all products,894,Zambia,,,A,Annual,PCT,Percent,2008,13.8
TPA,MFN applied tariffs,Simple average MFN applied tariff - all products,894,Zambia,,,A,Annual,PCT,Percent,2009,13.6
TPA,MFN applied tariffs,Simple average MFN applied tariff - all products,894,Zambia,,,A,Annual,PCT,Percent,2010,13.4
TPA,MFN applied tariffs,Simple average MFN applied tariff - all products,894,Zambia,,,A,Annual,PCT,Percent,2011,13.4
TPA,MFN applied tariffs,Simple average MFN applied tariff - all products,894,Zambia,,,A,Annual,PCT,Percent,2012,13.7
TPA,MFN applied tariffs,Simple average MFN applied tariff - all products,894,Zambia,,,A,Annual,PCT,Percent,2013,13.2
TPA,MFN applied tariffs,Simple average MFN applied tariff - all products,894,Zambia,,,A,Annual,PCT,Percent,2014,13.5
TPA,MFN applied tariffs,Simple average MFN applied tariff - all products,894,Zambia,,,A,Annual,PCT,Percent,2015,13.6
TPA,MFN applied tariffs,Simple average MFN applied tariff - all products,894,Zambia,,,A,Annual,PCT,Percent,2016,13.9
TPA,MFN applied tariffs,Simple average MFN applied tariff - all products,894,Zambia,,,A,Annual,PCT,Percent,2018,13.5
TPA,MFN applied tariffs,Simple average MFN applied tariff - all products,894,Zambia,,,A,Annual,PCT,Percent,2021,14.6
TPA,MFN applied tariffs,Simple average MFN applied tariff - all products,894,Zambia,,,A,Annual,PCT,Percent,2022,14.6
TPA,MFN applied tariffs,Simple average MFN applied tariff - all products,894,Zambia,,,A,Annual,PCT,Percent,2023,14.6
TPA,MFN applied tariffs,Simple average MFN applied tariff - all products,894,Zambia,,,A,Annual,PCT,Percent,2024,14.5
TPA,MFN applied tariffs,Simple average MFN applied tariff - all products,716,Zimbabwe,,,A,Annual,PCT,Percent,2007,20.0
TPA,MFN applied tariffs,Simple average MFN applied tariff - all products,716,Zimbabwe,,,A,Annual,PCT,Percent,2008,25.6
TPA,MFN applied tariffs,Simple average MFN applied tariff - all products,716,Zimbabwe,,,A,Annual,PCT,Percent,2010,19.5
TPA,MFN applied tariffs,Simple average MFN applied tariff - all products,716,Zimbabwe,,,A,Annual,PCT,Percent,2011,15.9
TPA,MFN applied tariffs,Simple average MFN applied tariff - all products,716,Zimbabwe,,,A,Annual,PCT,Percent,2012,16.8
TPA,MFN applied tariffs,Simple average MFN applied tariff - all products,716,Zimbabwe,,,A,Annual,PCT,Percent,2014,16.3
TPA,MFN applied tariffs,Simple average MFN applied tariff - all products,716,Zimbabwe,,,A,Annual,PCT,Percent,2015,16.8
TPA,MFN applied tariffs,Simple average MFN applied tariff - all products,716,Zimbabwe,,,A,Annual,PCT,Percent,2016,17.4
TPA,MFN applied tariffs,Simple average MFN applied tariff - all products,716,Zimbabwe,,,A,Annual,PCT,Percent,2017,17.5
TPA,MFN applied tariffs,Simple average MFN applied tariff - all products,716,Zimbabwe,,,A,Annual,PCT,Percent,2020,18.1
TPA,MFN applied tariffs,Simple average MFN applied tariff - all products,716,Zimbabwe,,,A,Annual,PCT,Percent,2021,18.0
