IndicatorCategoryCode,IndicatorCategory,IndicatorCode,Indicator,ReportingEconomyCode,ReportingEconomy,PartnerEconomyCode,PartnerEconomy,ProductOrSectorClassificationCode,ProductOrSectorClassification,ProductOrSectorCode,ProductOrSector,PeriodCode,Period,FrequencyCode,Frequency,UnitCode,Unit,Year,ValueFlagCode,ValueFlag,TextValue,Value
ITS_CS,Trade in commercial services,ITS_CS_QAM,Commercial services imports by main sector  preliminary annual estimates based on quarterly statistics (2005-2025),158,Chinese Taipei,000,World,BOP6,Services - Extended Balance of Payments Classification (EBOPS 2010),S,Memo item: Total services,A,Annual,A,Annual,USM,Million US dollar,2008,,,,34870.0
ITS_CS,Trade in commercial services,ITS_CS_QAM,Commercial services imports by main sector  preliminary annual estimates based on quarterly statistics (2005-2025),156,China,000,World,BOP6,Services - Extended Balance of Payments Classification (EBOPS 2010),S,Memo item: Total services,A,Annual,A,Annual,USM,Million US dollar,2009,,,,158920.0
ITS_CS,Trade in commercial services,ITS_CS_QAM,Commercial services imports by main sector  preliminary annual estimates based on quarterly statistics (2005-2025),124,Canada,000,World,BOP6,Services - Extended Balance of Payments Classification (EBOPS 2010),S,Memo item: Total services,A,Annual,A,Annual,USM,Million US dollar,2009,,,,84627.0
ITS_CS,Trade in commercial services,ITS_CS_QAM,Commercial services imports by main sector  preliminary annual estimates based on quarterly statistics (2005-2025),158,Chinese Taipei,000,World,BOP6,Services - Extended Balance of Payments Classification (EBOPS 2010),S,Memo item: Total services,A,Annual,A,Annual,USM,Million US dollar,2009,,,,29604.0
ITS_CS,Trade in commercial services,ITS_CS_QAM,Commercial services imports by main sector  preliminary annual estimates based on quarterly statistics (2005-2025),124,Canada,000,World,BOP6,Services - Extended Balance of Payments Classification (EBOPS 2010),S,Memo item: Total services,A,Annual,A,Annual,USM,Million US dollar,2008,,,,91293.0
ITS_CS,Trade in commercial services,ITS_CS_QAM,Commercial services imports by main sector  preliminary annual estimates based on quarterly statistics (2005-2025),156,China,000,World,BOP6,Services - Extended Balance of Payments Classification (EBOPS 2010),S,Memo item: Total services,A,Annual,A,Annual,USM,Million US dollar,2008,,,,158949.0
ITS_CS,Trade in commercial services,ITS_CS_QAM,Commercial services imports by main sector  preliminary annual estimates based on quarterly statistics (2005-2025),156,China,000,World,BOP6,Services - Extended Balance of Payments Classification (EBOPS 2010),S,Memo item: Total services,A,Annual,A,Annual,USM,Million US dollar,2018,,,,525040.0
ITS_CS,Trade in commercial services,ITS_CS_QAM,Commercial services imports by main sector  preliminary annual estimates based on quarterly statistics (2005-2025),124,Canada,000,World,BOP6,Services - Extended Balance of Payments Classification (EBOPS 2010),S,Memo item: Total services,A,Annual,A,Annual,USM,Million US dollar,2018,,,,122228.0
ITS_CS,Trade in commercial services,ITS_CS_QAM,Commercial services imports by main sector  preliminary annual estimates based on quarterly statistics (2005-2025),158,Chinese Taipei,000,World,BOP6,Services - Extended Balance of Payments Classification (EBOPS 2010),S,Memo item: Total services,A,Annual,A,Annual,USM,Million US dollar,2018,,,,56865.0
ITS_CS,Trade in commercial services,ITS_CS_QAM,Commercial services imports by main sector  preliminary annual estimates based on quarterly statistics (2005-2025),124,Canada,000,World,BOP6,Services - Extended Balance of Payments Classification (EBOPS 2010),S,Memo item: Total services,A,Annual,A,Annual,USM,Million US dollar,2011,,,,109400.0
ITS_CS,Trade in commercial services,ITS_CS_QAM,Commercial services imports by main sector  preliminary annual estimates based on quarterly statistics (2005-2025),156,China,000,World,BOP6,Services - Extended Balance of Payments Classification (EBOPS 2010),S,Memo item: Total services,A,Annual,A,Annual,USM,Million US dollar,2011,,,,247844.0
ITS_CS,Trade in commercial services,ITS_CS_QAM,Commercial services imports by main sector  preliminary annual estimates based on quarterly statistics (2005-2025),156,China,000,World,BOP6,Services - Extended Balance of Payments Classification (EBOPS 2010),S,Memo item: Total services,A,Annual,A,Annual,USM,Million US dollar,2013,,,,330608.0
ITS_CS,Trade in commercial services,ITS_CS_QAM,Commercial services imports by main sector  preliminary annual estimates based on quarterly statistics (2005-2025),124,Canada,000,World,BOP6,Services - Extended Balance of Payments Classification (EBOPS 2010),S,Memo item: Total services,A,Annual,A,Annual,USM,Million US dollar,2013,,,,115623.0
ITS_CS,Trade in commercial services,ITS_CS_QAM,Commercial services imports by main sector  preliminary annual estimates based on quarterly statistics (2005-2025),156,China,000,World,BOP6,Services - Extended Balance of Payments Classification (EBOPS 2010),S,Memo item: Total services,A,Annual,A,Annual,USM,Million US dollar,2019,,,,501429.0
ITS_CS,Trade in commercial services,ITS_CS_QAM,Commercial services imports by main sector  preliminary annual estimates based on quarterly statistics (2005-2025),124,Canada,000,World,BOP6,Services - Extended Balance of Payments Classification (EBOPS 2010),S,Memo item: Total services,A,Annual,A,Annual,USM,Million US dollar,2019,,,,126628.0
ITS_CS,Trade in commercial services,ITS_CS_QAM,Commercial services imports by main sector  preliminary annual estimates based on quarterly statistics (2005-2025),158,Chinese Taipei,000,World,BOP6,Services - Extended Balance of Payments Classification (EBOPS 2010),S,Memo item: Total services,A,Annual,A,Annual,USM,Million US dollar,2019,,,,56937.0
ITS_CS,Trade in commercial services,ITS_CS_QAM,Commercial services imports by main sector  preliminary annual estimates based on quarterly statistics (2005-2025),158,Chinese Taipei,000,World,BOP6,Services - Extended Balance of Payments Classification (EBOPS 2010),S,Memo item: Total services,A,Annual,A,Annual,USM,Million US dollar,2013,,,,51658.0
ITS_CS,Trade in commercial services,ITS_CS_QAM,Commercial services imports by main sector  preliminary annual estimates based on quarterly statistics (2005-2025),156,China,000,World,BOP6,Services - Extended Balance of Payments Classification (EBOPS 2010),S,Memo item: Total services,A,Annual,A,Annual,USM,Million US dollar,2020,,,,381088.0
ITS_CS,Trade in commercial services,ITS_CS_QAM,Commercial services imports by main sector  preliminary annual estimates based on quarterly statistics (2005-2025),124,Canada,000,World,BOP6,Services - Extended Balance of Payments Classification (EBOPS 2010),S,Memo item: Total services,A,Annual,A,Annual,USM,Million US dollar,2020,,,,104752.0
ITS_CS,Trade in commercial services,ITS_CS_QAM,Commercial services imports by main sector  preliminary annual estimates based on quarterly statistics (2005-2025),158,Chinese Taipei,000,World,BOP6,Services - Extended Balance of Payments Classification (EBOPS 2010),S,Memo item: Total services,A,Annual,A,Annual,USM,Million US dollar,2020,,,,37491.0
ITS_CS,Trade in commercial services,ITS_CS_QAM,Commercial services imports by main sector  preliminary annual estimates based on quarterly statistics (2005-2025),156,China,000,World,BOP6,Services - Extended Balance of Payments Classification (EBOPS 2010),S,Memo item: Total services,A,Annual,A,Annual,USM,Million US dollar,2021,,,,426998.0
ITS_CS,Trade in commercial services,ITS_CS_QAM,Commercial services imports by main sector  preliminary annual estimates based on quarterly statistics (2005-2025),158,Chinese Taipei,000,World,BOP6,Services - Extended Balance of Payments Classification (EBOPS 2010),S,Memo item: Total services,A,Annual,A,Annual,USM,Million US dollar,2021,,,,39549.0
ITS_CS,Trade in commercial services,ITS_CS_QAM,Commercial services imports by main sector  preliminary annual estimates based on quarterly statistics (2005-2025),124,Canada,000,World,BOP6,Services - Extended Balance of Payments Classification (EBOPS 2010),S,Memo item: Total services,A,Annual,A,Annual,USM,Million US dollar,2021,,,,122083.0
ITS_CS,Trade in commercial services,ITS_CS_QAM,Commercial services imports by main sector  preliminary annual estimates based on quarterly statistics (2005-2025),124,Canada,000,World,BOP6,Services - Extended Balance of Payments Classification (EBOPS 2010),S,Memo item: Total services,A,Annual,A,Annual,USM,Million US dollar,2022,,,,145194.0
ITS_CS,Trade in commercial services,ITS_CS_QAM,Commercial services imports by main sector  preliminary annual estimates based on quarterly statistics (2005-2025),156,China,000,World,BOP6,Services - Extended Balance of Payments Classification (EBOPS 2010),S,Memo item: Total services,A,Annual,A,Annual,USM,Million US dollar,2022,,,,465053.0
ITS_CS,Trade in commercial services,ITS_CS_QAM,Commercial services imports by main sector  preliminary annual estimates based on quarterly statistics (2005-2025),158,Chinese Taipei,000,World,BOP6,Services - Extended Balance of Payments Classification (EBOPS 2010),S,Memo item: Total services,A,Annual,A,Annual,USM,Million US dollar,2022,,,,44543.0
ITS_CS,Trade in commercial services,ITS_CS_QAM,Commercial services imports by main sector  preliminary annual estimates based on quarterly statistics (2005-2025),124,Canada,000,World,BOP6,Services - Extended Balance of Payments Classification (EBOPS 2010),S,Memo item: Total services,A,Annual,A,Annual,USM,Million US dollar,2010,,,,100133.0
ITS_CS,Trade in commercial services,ITS_CS_QAM,Commercial services imports by main sector  preliminary annual estimates based on quarterly statistics (2005-2025),156,China,000,World,BOP6,Services - Extended Balance of Payments Classification (EBOPS 2010),S,Memo item: Total services,A,Annual,A,Annual,USM,Million US dollar,2010,,,,193401.0
ITS_CS,Trade in commercial services,ITS_CS_QAM,Commercial services imports by main sector  preliminary annual estimates based on quarterly statistics (2005-2025),158,Chinese Taipei,000,World,BOP6,Services - Extended Balance of Payments Classification (EBOPS 2010),S,Memo item: Total services,A,Annual,A,Annual,USM,Million US dollar,2010,,,,37711.0
ITS_CS,Trade in commercial services,ITS_CS_QAM,Commercial services imports by main sector  preliminary annual estimates based on quarterly statistics (2005-2025),158,Chinese Taipei,000,World,BOP6,Services - Extended Balance of Payments Classification (EBOPS 2010),S,Memo item: Total services,A,Annual,A,Annual,USM,Million US dollar,2006,,,,32719.0
ITS_CS,Trade in commercial services,ITS_CS_QAM,Commercial services imports by main sector  preliminary annual estimates based on quarterly statistics (2005-2025),156,China,000,World,BOP6,Services - Extended Balance of Payments Classification (EBOPS 2010),S,Memo item: Total services,A,Annual,A,Annual,USM,Million US dollar,2014,B,Break in series,,432883.0
ITS_CS,Trade in commercial services,ITS_CS_QAM,Commercial services imports by main sector  preliminary annual estimates based on quarterly statistics (2005-2025),124,Canada,000,World,BOP6,Services - Extended Balance of Payments Classification (EBOPS 2010),S,Memo item: Total services,A,Annual,A,Annual,USM,Million US dollar,2014,,,,114240.0
ITS_CS,Trade in commercial services,ITS_CS_QAM,Commercial services imports by main sector  preliminary annual estimates based on quarterly statistics (2005-2025),158,Chinese Taipei,000,World,BOP6,Services - Extended Balance of Payments Classification (EBOPS 2010),S,Memo item: Total services,A,Annual,A,Annual,USM,Million US dollar,2014,,,,52922.0
ITS_CS,Trade in commercial services,ITS_CS_QAM,Commercial services imports by main sector  preliminary annual estimates based on quarterly statistics (2005-2025),156,China,000,World,BOP6,Services - Extended Balance of Payments Classification (EBOPS 2010),S,Memo item: Total services,A,Annual,A,Annual,USM,Million US dollar,2006,,,,100838.0
ITS_CS,Trade in commercial services,ITS_CS_QAM,Commercial services imports by main sector  preliminary annual estimates based on quarterly statistics (2005-2025),124,Canada,000,World,BOP6,Services - Extended Balance of Payments Classification (EBOPS 2010),S,Memo item: Total services,A,Annual,A,Annual,USM,Million US dollar,2006,,,,73843.0
ITS_CS,Trade in commercial services,ITS_CS_QAM,Commercial services imports by main sector  preliminary annual estimates based on quarterly statistics (2005-2025),158,Chinese Taipei,000,World,BOP6,Services - Extended Balance of Payments Classification (EBOPS 2010),S,Memo item: Total services,A,Annual,A,Annual,USM,Million US dollar,2015,,,,51787.0
ITS_CS,Trade in commercial services,ITS_CS_QAM,Commercial services imports by main sector  preliminary annual estimates based on quarterly statistics (2005-2025),124,Canada,000,World,BOP6,Services - Extended Balance of Payments Classification (EBOPS 2010),S,Memo item: Total services,A,Annual,A,Annual,USM,Million US dollar,2015,,,,104976.0
ITS_CS,Trade in commercial services,ITS_CS_QAM,Commercial services imports by main sector  preliminary annual estimates based on quarterly statistics (2005-2025),156,China,000,World,BOP6,Services - Extended Balance of Payments Classification (EBOPS 2010),S,Memo item: Total services,A,Annual,A,Annual,USM,Million US dollar,2015,,,,436383.0
ITS_CS,Trade in commercial services,ITS_CS_QAM,Commercial services imports by main sector  preliminary annual estimates based on quarterly statistics (2005-2025),158,Chinese Taipei,000,World,BOP6,Services - Extended Balance of Payments Classification (EBOPS 2010),S,Memo item: Total services,A,Annual,A,Annual,USM,Million US dollar,2011,,,,41895.0
ITS_CS,Trade in commercial services,ITS_CS_QAM,Commercial services imports by main sector  preliminary annual estimates based on quarterly statistics (2005-2025),124,Canada,000,World,BOP6,Services - Extended Balance of Payments Classification (EBOPS 2010),S,Memo item: Total services,A,Annual,A,Annual,USM,Million US dollar,2016,,,,104550.0
ITS_CS,Trade in commercial services,ITS_CS_QAM,Commercial services imports by main sector  preliminary annual estimates based on quarterly statistics (2005-2025),156,China,000,World,BOP6,Services - Extended Balance of Payments Classification (EBOPS 2010),S,Memo item: Total services,A,Annual,A,Annual,USM,Million US dollar,2016,,,,453547.0
ITS_CS,Trade in commercial services,ITS_CS_QAM,Commercial services imports by main sector  preliminary annual estimates based on quarterly statistics (2005-2025),158,Chinese Taipei,000,World,BOP6,Services - Extended Balance of Payments Classification (EBOPS 2010),S,Memo item: Total services,A,Annual,A,Annual,USM,Million US dollar,2016,,,,51815.0
ITS_CS,Trade in commercial services,ITS_CS_QAM,Commercial services imports by main sector  preliminary annual estimates based on quarterly statistics (2005-2025),158,Chinese Taipei,000,World,BOP6,Services - Extended Balance of Payments Classification (EBOPS 2010),S,Memo item: Total services,A,Annual,A,Annual,USM,Million US dollar,2017,,,,53975.0
ITS_CS,Trade in commercial services,ITS_CS_QAM,Commercial services imports by main sector  preliminary annual estimates based on quarterly statistics (2005-2025),156,China,000,World,BOP6,Services - Extended Balance of Payments Classification (EBOPS 2010),S,Memo item: Total services,A,Annual,A,Annual,USM,Million US dollar,2017,,,,467658.0
ITS_CS,Trade in commercial services,ITS_CS_QAM,Commercial services imports by main sector  preliminary annual estimates based on quarterly statistics (2005-2025),124,Canada,000,World,BOP6,Services - Extended Balance of Payments Classification (EBOPS 2010),S,Memo item: Total services,A,Annual,A,Annual,USM,Million US dollar,2017,,,,111908.0
ITS_CS,Trade in commercial services,ITS_CS_QAM,Commercial services imports by main sector  preliminary annual estimates based on quarterly statistics (2005-2025),156,China,000,World,BOP6,Services - Extended Balance of Payments Classification (EBOPS 2010),S,Memo item: Total services,A,Annual,A,Annual,USM,Million US dollar,2007,,,,130130.0
ITS_CS,Trade in commercial services,ITS_CS_QAM,Commercial services imports by main sector  preliminary annual estimates based on quarterly statistics (2005-2025),124,Canada,000,World,BOP6,Services - Extended Balance of Payments Classification (EBOPS 2010),S,Memo item: Total services,A,Annual,A,Annual,USM,Million US dollar,2007,,,,83711.0
ITS_CS,Trade in commercial services,ITS_CS_QAM,Commercial services imports by main sector  preliminary annual estimates based on quarterly statistics (2005-2025),158,Chinese Taipei,000,World,BOP6,Services - Extended Balance of Payments Classification (EBOPS 2010),S,Memo item: Total services,A,Annual,A,Annual,USM,Million US dollar,2007,,,,34818.0
ITS_CS,Trade in commercial services,ITS_CS_QAM,Commercial services imports by main sector  preliminary annual estimates based on quarterly statistics (2005-2025),156,China,000,World,BOP6,Services - Extended Balance of Payments Classification (EBOPS 2010),S,Memo item: Total services,A,Annual,A,Annual,USM,Million US dollar,2012,,,,281300.0
ITS_CS,Trade in commercial services,ITS_CS_QAM,Commercial services imports by main sector  preliminary annual estimates based on quarterly statistics (2005-2025),124,Canada,000,World,BOP6,Services - Extended Balance of Payments Classification (EBOPS 2010),S,Memo item: Total services,A,Annual,A,Annual,USM,Million US dollar,2012,,,,114025.0
ITS_CS,Trade in commercial services,ITS_CS_QAM,Commercial services imports by main sector  preliminary annual estimates based on quarterly statistics (2005-2025),124,Canada,000,World,BOP6,Services - Extended Balance of Payments Classification (EBOPS 2010),S,Memo item: Total services,A,Annual,A,Annual,USM,Million US dollar,2023,,,,159059.0
ITS_CS,Trade in commercial services,ITS_CS_QAM,Commercial services imports by main sector  preliminary annual estimates based on quarterly statistics (2005-2025),156,China,000,World,BOP6,Services - Extended Balance of Payments Classification (EBOPS 2010),S,Memo item: Total services,A,Annual,A,Annual,USM,Million US dollar,2023,,,,551995.0
ITS_CS,Trade in commercial services,ITS_CS_QAM,Commercial services imports by main sector  preliminary annual estimates based on quarterly statistics (2005-2025),158,Chinese Taipei,000,World,BOP6,Services - Extended Balance of Payments Classification (EBOPS 2010),S,Memo item: Total services,A,Annual,A,Annual,USM,Million US dollar,2023,,,,63999.0
ITS_CS,Trade in commercial services,ITS_CS_QAM,Commercial services imports by main sector  preliminary annual estimates based on quarterly statistics (2005-2025),158,Chinese Taipei,000,World,BOP6,Services - Extended Balance of Payments Classification (EBOPS 2010),S,Memo item: Total services,A,Annual,A,Annual,USM,Million US dollar,2012,,,,52920.0
ITS_CS,Trade in commercial services,ITS_CS_QAM,Commercial services imports by main sector  preliminary annual estimates based on quarterly statistics (2005-2025),156,China,000,World,BOP6,Services - Extended Balance of Payments Classification (EBOPS 2010),S,Memo item: Total services,A,Annual,A,Annual,USM,Million US dollar,2024,,,,610565.0
ITS_CS,Trade in commercial services,ITS_CS_QAM,Commercial services imports by main sector  preliminary annual estimates based on quarterly statistics (2005-2025),124,Canada,000,World,BOP6,Services - Extended Balance of Payments Classification (EBOPS 2010),S,Memo item: Total services,A,Annual,A,Annual,USM,Million US dollar,2024,,,,168194.0
ITS_CS,Trade in commercial services,ITS_CS_QAM,Commercial services imports by main sector  preliminary annual estimates based on quarterly statistics (2005-2025),158,Chinese Taipei,000,World,BOP6,Services - Extended Balance of Payments Classification (EBOPS 2010),S,Memo item: Total services,A,Annual,A,Annual,USM,Million US dollar,2024,,,,71159.0
ITS_CS,Trade in commercial services,ITS_CS_QAM,Commercial services imports by main sector  preliminary annual estimates based on quarterly statistics (2005-2025),484,Mexico,000,World,BOP6,Services - Extended Balance of Payments Classification (EBOPS 2010),S,Memo item: Total services,A,Annual,A,Annual,USM,Million US dollar,2010,,,,32801.0
ITS_CS,Trade in commercial services,ITS_CS_QAM,Commercial services imports by main sector  preliminary annual estimates based on quarterly statistics (2005-2025),410,"Korea, Republic of",000,World,BOP6,Services - Extended Balance of Payments Classification (EBOPS 2010),S,Memo item: Total services,A,Annual,A,Annual,USM,Million US dollar,2008,,,,97356.0
ITS_CS,Trade in commercial services,ITS_CS_QAM,Commercial services imports by main sector  preliminary annual estimates based on quarterly statistics (2005-2025),484,Mexico,000,World,BOP6,Services - Extended Balance of Payments Classification (EBOPS 2010),S,Memo item: Total services,A,Annual,A,Annual,USM,Million US dollar,2008,,,,33606.0
ITS_CS,Trade in commercial services,ITS_CS_QAM,Commercial services imports by main sector  preliminary annual estimates based on quarterly statistics (2005-2025),276,Germany,000,World,BOP6,Services - Extended Balance of Payments Classification (EBOPS 2010),S,Memo item: Total services,A,Annual,A,Annual,USM,Million US dollar,2009,,,,250663.0
ITS_CS,Trade in commercial services,ITS_CS_QAM,Commercial services imports by main sector  preliminary annual estimates based on quarterly statistics (2005-2025),484,Mexico,000,World,BOP6,Services - Extended Balance of Payments Classification (EBOPS 2010),S,Memo item: Total services,A,Annual,A,Annual,USM,Million US dollar,2009,,,,30738.0
ITS_CS,Trade in commercial services,ITS_CS_QAM,Commercial services imports by main sector  preliminary annual estimates based on quarterly statistics (2005-2025),410,"Korea, Republic of",000,World,BOP6,Services - Extended Balance of Payments Classification (EBOPS 2010),S,Memo item: Total services,A,Annual,A,Annual,USM,Million US dollar,2009,,,,81879.0
ITS_CS,Trade in commercial services,ITS_CS_QAM,Commercial services imports by main sector  preliminary annual estimates based on quarterly statistics (2005-2025),392,Japan,000,World,BOP6,Services - Extended Balance of Payments Classification (EBOPS 2010),S,Memo item: Total services,A,Annual,A,Annual,USM,Million US dollar,2009,,,,155701.0
ITS_CS,Trade in commercial services,ITS_CS_QAM,Commercial services imports by main sector  preliminary annual estimates based on quarterly statistics (2005-2025),392,Japan,000,World,BOP6,Services - Extended Balance of Payments Classification (EBOPS 2010),S,Memo item: Total services,A,Annual,A,Annual,USM,Million US dollar,2008,,,,178987.0
ITS_CS,Trade in commercial services,ITS_CS_QAM,Commercial services imports by main sector  preliminary annual estimates based on quarterly statistics (2005-2025),276,Germany,000,World,BOP6,Services - Extended Balance of Payments Classification (EBOPS 2010),S,Memo item: Total services,A,Annual,A,Annual,USM,Million US dollar,2008,,,,287789.0
ITS_CS,Trade in commercial services,ITS_CS_QAM,Commercial services imports by main sector  preliminary annual estimates based on quarterly statistics (2005-2025),276,Germany,000,World,BOP6,Services - Extended Balance of Payments Classification (EBOPS 2010),S,Memo item: Total services,A,Annual,A,Annual,USM,Million US dollar,2018,,,,380270.0
ITS_CS,Trade in commercial services,ITS_CS_QAM,Commercial services imports by main sector  preliminary annual estimates based on quarterly statistics (2005-2025),410,"Korea, Republic of",000,World,BOP6,Services - Extended Balance of Payments Classification (EBOPS 2010),S,Memo item: Total services,A,Annual,A,Annual,USM,Million US dollar,2018,,,,133047.0
ITS_CS,Trade in commercial services,ITS_CS_QAM,Commercial services imports by main sector  preliminary annual estimates based on quarterly statistics (2005-2025),356,India,000,World,BOP6,Services - Extended Balance of Payments Classification (EBOPS 2010),S,Memo item: Total services,A,Annual,A,Annual,USM,Million US dollar,2018,,,,176059.0
ITS_CS,Trade in commercial services,ITS_CS_QAM,Commercial services imports by main sector  preliminary annual estimates based on quarterly statistics (2005-2025),484,Mexico,000,World,BOP6,Services - Extended Balance of Payments Classification (EBOPS 2010),S,Memo item: Total services,A,Annual,A,Annual,USM,Million US dollar,2018,,,,54064.0
ITS_CS,Trade in commercial services,ITS_CS_QAM,Commercial services imports by main sector  preliminary annual estimates based on quarterly statistics (2005-2025),392,Japan,000,World,BOP6,Services - Extended Balance of Payments Classification (EBOPS 2010),S,Memo item: Total services,A,Annual,A,Annual,USM,Million US dollar,2018,,,,203515.0
ITS_CS,Trade in commercial services,ITS_CS_QAM,Commercial services imports by main sector  preliminary annual estimates based on quarterly statistics (2005-2025),410,"Korea, Republic of",000,World,BOP6,Services - Extended Balance of Payments Classification (EBOPS 2010),S,Memo item: Total services,A,Annual,A,Annual,USM,Million US dollar,2013,,,,109653.0
ITS_CS,Trade in commercial services,ITS_CS_QAM,Commercial services imports by main sector  preliminary annual estimates based on quarterly statistics (2005-2025),392,Japan,000,World,BOP6,Services - Extended Balance of Payments Classification (EBOPS 2010),S,Memo item: Total services,A,Annual,A,Annual,USM,Million US dollar,2013,,,,170955.0
ITS_CS,Trade in commercial services,ITS_CS_QAM,Commercial services imports by main sector  preliminary annual estimates based on quarterly statistics (2005-2025),276,Germany,000,World,BOP6,Services - Extended Balance of Payments Classification (EBOPS 2010),S,Memo item: Total services,A,Annual,A,Annual,USM,Million US dollar,2013,,,,329003.0
ITS_CS,Trade in commercial services,ITS_CS_QAM,Commercial services imports by main sector  preliminary annual estimates based on quarterly statistics (2005-2025),410,"Korea, Republic of",000,World,BOP6,Services - Extended Balance of Payments Classification (EBOPS 2010),S,Memo item: Total services,A,Annual,A,Annual,USM,Million US dollar,2019,,,,130684.0
ITS_CS,Trade in commercial services,ITS_CS_QAM,Commercial services imports by main sector  preliminary annual estimates based on quarterly statistics (2005-2025),484,Mexico,000,World,BOP6,Services - Extended Balance of Payments Classification (EBOPS 2010),S,Memo item: Total services,A,Annual,A,Annual,USM,Million US dollar,2019,,,,53596.0
ITS_CS,Trade in commercial services,ITS_CS_QAM,Commercial services imports by main sector  preliminary annual estimates based on quarterly statistics (2005-2025),356,India,000,World,BOP6,Services - Extended Balance of Payments Classification (EBOPS 2010),S,Memo item: Total services,A,Annual,A,Annual,USM,Million US dollar,2019,,,,179430.0
ITS_CS,Trade in commercial services,ITS_CS_QAM,Commercial services imports by main sector  preliminary annual estimates based on quarterly statistics (2005-2025),392,Japan,000,World,BOP6,Services - Extended Balance of Payments Classification (EBOPS 2010),S,Memo item: Total services,A,Annual,A,Annual,USM,Million US dollar,2019,,,,219385.0
ITS_CS,Trade in commercial services,ITS_CS_QAM,Commercial services imports by main sector  preliminary annual estimates based on quarterly statistics (2005-2025),276,Germany,000,World,BOP6,Services - Extended Balance of Payments Classification (EBOPS 2010),S,Memo item: Total services,A,Annual,A,Annual,USM,Million US dollar,2019,,,,382309.0
ITS_CS,Trade in commercial services,ITS_CS_QAM,Commercial services imports by main sector  preliminary annual estimates based on quarterly statistics (2005-2025),356,India,000,World,BOP6,Services - Extended Balance of Payments Classification (EBOPS 2010),S,Memo item: Total services,A,Annual,A,Annual,USM,Million US dollar,2013,,,,126952.0
ITS_CS,Trade in commercial services,ITS_CS_QAM,Commercial services imports by main sector  preliminary annual estimates based on quarterly statistics (2005-2025),484,Mexico,000,World,BOP6,Services - Extended Balance of Payments Classification (EBOPS 2010),S,Memo item: Total services,A,Annual,A,Annual,USM,Million US dollar,2013,,,,42400.0
ITS_CS,Trade in commercial services,ITS_CS_QAM,Commercial services imports by main sector  preliminary annual estimates based on quarterly statistics (2005-2025),410,"Korea, Republic of",000,World,BOP6,Services - Extended Balance of Payments Classification (EBOPS 2010),S,Memo item: Total services,A,Annual,A,Annual,USM,Million US dollar,2020,,,,105350.0
ITS_CS,Trade in commercial services,ITS_CS_QAM,Commercial services imports by main sector  preliminary annual estimates based on quarterly statistics (2005-2025),484,Mexico,000,World,BOP6,Services - Extended Balance of Payments Classification (EBOPS 2010),S,Memo item: Total services,A,Annual,A,Annual,USM,Million US dollar,2020,,,,40975.0
ITS_CS,Trade in commercial services,ITS_CS_QAM,Commercial services imports by main sector  preliminary annual estimates based on quarterly statistics (2005-2025),356,India,000,World,BOP6,Services - Extended Balance of Payments Classification (EBOPS 2010),S,Memo item: Total services,A,Annual,A,Annual,USM,Million US dollar,2020,,,,153782.0
ITS_CS,Trade in commercial services,ITS_CS_QAM,Commercial services imports by main sector  preliminary annual estimates based on quarterly statistics (2005-2025),276,Germany,000,World,BOP6,Services - Extended Balance of Payments Classification (EBOPS 2010),S,Memo item: Total services,A,Annual,A,Annual,USM,Million US dollar,2020,,,,326196.0
ITS_CS,Trade in commercial services,ITS_CS_QAM,Commercial services imports by main sector  preliminary annual estimates based on quarterly statistics (2005-2025),392,Japan,000,World,BOP6,Services - Extended Balance of Payments Classification (EBOPS 2010),S,Memo item: Total services,A,Annual,A,Annual,USM,Million US dollar,2020,,,,198034.0
ITS_CS,Trade in commercial services,ITS_CS_QAM,Commercial services imports by main sector  preliminary annual estimates based on quarterly statistics (2005-2025),484,Mexico,000,World,BOP6,Services - Extended Balance of Payments Classification (EBOPS 2010),S,Memo item: Total services,A,Annual,A,Annual,USM,Million US dollar,2021,,,,54837.0
ITS_CS,Trade in commercial services,ITS_CS_QAM,Commercial services imports by main sector  preliminary annual estimates based on quarterly statistics (2005-2025),356,India,000,World,BOP6,Services - Extended Balance of Payments Classification (EBOPS 2010),S,Memo item: Total services,A,Annual,A,Annual,USM,Million US dollar,2021,,,,195956.0
ITS_CS,Trade in commercial services,ITS_CS_QAM,Commercial services imports by main sector  preliminary annual estimates based on quarterly statistics (2005-2025),276,Germany,000,World,BOP6,Services - Extended Balance of Payments Classification (EBOPS 2010),S,Memo item: Total services,A,Annual,A,Annual,USM,Million US dollar,2021,,,,406763.0
ITS_CS,Trade in commercial services,ITS_CS_QAM,Commercial services imports by main sector  preliminary annual estimates based on quarterly statistics (2005-2025),392,Japan,000,World,BOP6,Services - Extended Balance of Payments Classification (EBOPS 2010),S,Memo item: Total services,A,Annual,A,Annual,USM,Million US dollar,2021,,,,209397.0
ITS_CS,Trade in commercial services,ITS_CS_QAM,Commercial services imports by main sector  preliminary annual estimates based on quarterly statistics (2005-2025),410,"Korea, Republic of",000,World,BOP6,Services - Extended Balance of Payments Classification (EBOPS 2010),S,Memo item: Total services,A,Annual,A,Annual,USM,Million US dollar,2021,,,,129169.0
ITS_CS,Trade in commercial services,ITS_CS_QAM,Commercial services imports by main sector  preliminary annual estimates based on quarterly statistics (2005-2025),410,"Korea, Republic of",000,World,BOP6,Services - Extended Balance of Payments Classification (EBOPS 2010),S,Memo item: Total services,A,Annual,A,Annual,USM,Million US dollar,2022,,,,143432.0
ITS_CS,Trade in commercial services,ITS_CS_QAM,Commercial services imports by main sector  preliminary annual estimates based on quarterly statistics (2005-2025),392,Japan,000,World,BOP6,Services - Extended Balance of Payments Classification (EBOPS 2010),S,Memo item: Total services,A,Annual,A,Annual,USM,Million US dollar,2022,,,,212910.0
ITS_CS,Trade in commercial services,ITS_CS_QAM,Commercial services imports by main sector  preliminary annual estimates based on quarterly statistics (2005-2025),484,Mexico,000,World,BOP6,Services - Extended Balance of Payments Classification (EBOPS 2010),S,Memo item: Total services,A,Annual,A,Annual,USM,Million US dollar,2022,,,,67641.0
ITS_CS,Trade in commercial services,ITS_CS_QAM,Commercial services imports by main sector  preliminary annual estimates based on quarterly statistics (2005-2025),356,India,000,World,BOP6,Services - Extended Balance of Payments Classification (EBOPS 2010),S,Memo item: Total services,A,Annual,A,Annual,USM,Million US dollar,2022,,,,249391.0
ITS_CS,Trade in commercial services,ITS_CS_QAM,Commercial services imports by main sector  preliminary annual estimates based on quarterly statistics (2005-2025),276,Germany,000,World,BOP6,Services - Extended Balance of Payments Classification (EBOPS 2010),S,Memo item: Total services,A,Annual,A,Annual,USM,Million US dollar,2022,,,,473788.0
ITS_CS,Trade in commercial services,ITS_CS_QAM,Commercial services imports by main sector  preliminary annual estimates based on quarterly statistics (2005-2025),392,Japan,000,World,BOP6,Services - Extended Balance of Payments Classification (EBOPS 2010),S,Memo item: Total services,A,Annual,A,Annual,USM,Million US dollar,2010,,,,164855.0
ITS_CS,Trade in commercial services,ITS_CS_QAM,Commercial services imports by main sector  preliminary annual estimates based on quarterly statistics (2005-2025),276,Germany,000,World,BOP6,Services - Extended Balance of Payments Classification (EBOPS 2010),S,Memo item: Total services,A,Annual,A,Annual,USM,Million US dollar,2010,,,,268325.0
ITS_CS,Trade in commercial services,ITS_CS_QAM,Commercial services imports by main sector  preliminary annual estimates based on quarterly statistics (2005-2025),410,"Korea, Republic of",000,World,BOP6,Services - Extended Balance of Payments Classification (EBOPS 2010),S,Memo item: Total services,A,Annual,A,Annual,USM,Million US dollar,2010,,,,96922.0
ITS_CS,Trade in commercial services,ITS_CS_QAM,Commercial services imports by main sector  preliminary annual estimates based on quarterly statistics (2005-2025),356,India,000,World,BOP6,Services - Extended Balance of Payments Classification (EBOPS 2010),S,Memo item: Total services,A,Annual,A,Annual,USM,Million US dollar,2010,,,,114927.0
ITS_CS,Trade in commercial services,ITS_CS_QAM,Commercial services imports by main sector  preliminary annual estimates based on quarterly statistics (2005-2025),392,Japan,000,World,BOP6,Services - Extended Balance of Payments Classification (EBOPS 2010),S,Memo item: Total services,A,Annual,A,Annual,USM,Million US dollar,2014,,,,192646.0
ITS_CS,Trade in commercial services,ITS_CS_QAM,Commercial services imports by main sector  preliminary annual estimates based on quarterly statistics (2005-2025),356,India,000,World,BOP6,Services - Extended Balance of Payments Classification (EBOPS 2010),S,Memo item: Total services,A,Annual,A,Annual,USM,Million US dollar,2014,,,,128362.0
ITS_CS,Trade in commercial services,ITS_CS_QAM,Commercial services imports by main sector  preliminary annual estimates based on quarterly statistics (2005-2025),484,Mexico,000,World,BOP6,Services - Extended Balance of Payments Classification (EBOPS 2010),S,Memo item: Total services,A,Annual,A,Annual,USM,Million US dollar,2014,,,,45025.0
ITS_CS,Trade in commercial services,ITS_CS_QAM,Commercial services imports by main sector  preliminary annual estimates based on quarterly statistics (2005-2025),276,Germany,000,World,BOP6,Services - Extended Balance of Payments Classification (EBOPS 2010),S,Memo item: Total services,A,Annual,A,Annual,USM,Million US dollar,2014,,,,340666.0
ITS_CS,Trade in commercial services,ITS_CS_QAM,Commercial services imports by main sector  preliminary annual estimates based on quarterly statistics (2005-2025),410,"Korea, Republic of",000,World,BOP6,Services - Extended Balance of Payments Classification (EBOPS 2010),S,Memo item: Total services,A,Annual,A,Annual,USM,Million US dollar,2014,,,,115192.0
ITS_CS,Trade in commercial services,ITS_CS_QAM,Commercial services imports by main sector  preliminary annual estimates based on quarterly statistics (2005-2025),484,Mexico,000,World,BOP6,Services - Extended Balance of Payments Classification (EBOPS 2010),S,Memo item: Total services,A,Annual,A,Annual,USM,Million US dollar,2006,,,,28100.0
ITS_CS,Trade in commercial services,ITS_CS_QAM,Commercial services imports by main sector  preliminary annual estimates based on quarterly statistics (2005-2025),276,Germany,000,World,BOP6,Services - Extended Balance of Payments Classification (EBOPS 2010),S,Memo item: Total services,A,Annual,A,Annual,USM,Million US dollar,2006,,,,224554.0
ITS_CS,Trade in commercial services,ITS_CS_QAM,Commercial services imports by main sector  preliminary annual estimates based on quarterly statistics (2005-2025),392,Japan,000,World,BOP6,Services - Extended Balance of Payments Classification (EBOPS 2010),S,Memo item: Total services,A,Annual,A,Annual,USM,Million US dollar,2006,,,,141351.0
ITS_CS,Trade in commercial services,ITS_CS_QAM,Commercial services imports by main sector  preliminary annual estimates based on quarterly statistics (2005-2025),484,Mexico,000,World,BOP6,Services - Extended Balance of Payments Classification (EBOPS 2010),S,Memo item: Total services,A,Annual,A,Annual,USM,Million US dollar,2007,,,,31372.0
ITS_CS,Trade in commercial services,ITS_CS_QAM,Commercial services imports by main sector  preliminary annual estimates based on quarterly statistics (2005-2025),410,"Korea, Republic of",000,World,BOP6,Services - Extended Balance of Payments Classification (EBOPS 2010),S,Memo item: Total services,A,Annual,A,Annual,USM,Million US dollar,2006,,,,70052.0
ITS_CS,Trade in commercial services,ITS_CS_QAM,Commercial services imports by main sector  preliminary annual estimates based on quarterly statistics (2005-2025),356,India,000,World,BOP6,Services - Extended Balance of Payments Classification (EBOPS 2010),S,Memo item: Total services,A,Annual,A,Annual,USM,Million US dollar,2015,,,,123567.0
ITS_CS,Trade in commercial services,ITS_CS_QAM,Commercial services imports by main sector  preliminary annual estimates based on quarterly statistics (2005-2025),484,Mexico,000,World,BOP6,Services - Extended Balance of Payments Classification (EBOPS 2010),S,Memo item: Total services,A,Annual,A,Annual,USM,Million US dollar,2015,,,,44021.0
ITS_CS,Trade in commercial services,ITS_CS_QAM,Commercial services imports by main sector  preliminary annual estimates based on quarterly statistics (2005-2025),392,Japan,000,World,BOP6,Services - Extended Balance of Payments Classification (EBOPS 2010),S,Memo item: Total services,A,Annual,A,Annual,USM,Million US dollar,2015,,,,178667.0
ITS_CS,Trade in commercial services,ITS_CS_QAM,Commercial services imports by main sector  preliminary annual estimates based on quarterly statistics (2005-2025),276,Germany,000,World,BOP6,Services - Extended Balance of Payments Classification (EBOPS 2010),S,Memo item: Total services,A,Annual,A,Annual,USM,Million US dollar,2015,,,,304730.0
ITS_CS,Trade in commercial services,ITS_CS_QAM,Commercial services imports by main sector  preliminary annual estimates based on quarterly statistics (2005-2025),410,"Korea, Republic of",000,World,BOP6,Services - Extended Balance of Payments Classification (EBOPS 2010),S,Memo item: Total services,A,Annual,A,Annual,USM,Million US dollar,2015,,,,112124.0
ITS_CS,Trade in commercial services,ITS_CS_QAM,Commercial services imports by main sector  preliminary annual estimates based on quarterly statistics (2005-2025),484,Mexico,000,World,BOP6,Services - Extended Balance of Payments Classification (EBOPS 2010),S,Memo item: Total services,A,Annual,A,Annual,USM,Million US dollar,2016,,,,44696.0
ITS_CS,Trade in commercial services,ITS_CS_QAM,Commercial services imports by main sector  preliminary annual estimates based on quarterly statistics (2005-2025),410,"Korea, Republic of",000,World,BOP6,Services - Extended Balance of Payments Classification (EBOPS 2010),S,Memo item: Total services,A,Annual,A,Annual,USM,Million US dollar,2016,,,,112148.0
ITS_CS,Trade in commercial services,ITS_CS_QAM,Commercial services imports by main sector  preliminary annual estimates based on quarterly statistics (2005-2025),276,Germany,000,World,BOP6,Services - Extended Balance of Payments Classification (EBOPS 2010),S,Memo item: Total services,A,Annual,A,Annual,USM,Million US dollar,2011,,,,303720.0
ITS_CS,Trade in commercial services,ITS_CS_QAM,Commercial services imports by main sector  preliminary annual estimates based on quarterly statistics (2005-2025),392,Japan,000,World,BOP6,Services - Extended Balance of Payments Classification (EBOPS 2010),S,Memo item: Total services,A,Annual,A,Annual,USM,Million US dollar,2011,,,,175766.0
ITS_CS,Trade in commercial services,ITS_CS_QAM,Commercial services imports by main sector  preliminary annual estimates based on quarterly statistics (2005-2025),484,Mexico,000,World,BOP6,Services - Extended Balance of Payments Classification (EBOPS 2010),S,Memo item: Total services,A,Annual,A,Annual,USM,Million US dollar,2011,,,,38366.0
ITS_CS,Trade in commercial services,ITS_CS_QAM,Commercial services imports by main sector  preliminary annual estimates based on quarterly statistics (2005-2025),410,"Korea, Republic of",000,World,BOP6,Services - Extended Balance of Payments Classification (EBOPS 2010),S,Memo item: Total services,A,Annual,A,Annual,USM,Million US dollar,2011,,,,102616.0
ITS_CS,Trade in commercial services,ITS_CS_QAM,Commercial services imports by main sector  preliminary annual estimates based on quarterly statistics (2005-2025),356,India,000,World,BOP6,Services - Extended Balance of Payments Classification (EBOPS 2010),S,Memo item: Total services,A,Annual,A,Annual,USM,Million US dollar,2011,,,,125284.0
ITS_CS,Trade in commercial services,ITS_CS_QAM,Commercial services imports by main sector  preliminary annual estimates based on quarterly statistics (2005-2025),276,Germany,000,World,BOP6,Services - Extended Balance of Payments Classification (EBOPS 2010),S,Memo item: Total services,A,Annual,A,Annual,USM,Million US dollar,2016,,,,319516.0
ITS_CS,Trade in commercial services,ITS_CS_QAM,Commercial services imports by main sector  preliminary annual estimates based on quarterly statistics (2005-2025),392,Japan,000,World,BOP6,Services - Extended Balance of Payments Classification (EBOPS 2010),S,Memo item: Total services,A,Annual,A,Annual,USM,Million US dollar,2016,,,,186426.0
ITS_CS,Trade in commercial services,ITS_CS_QAM,Commercial services imports by main sector  preliminary annual estimates based on quarterly statistics (2005-2025),356,India,000,World,BOP6,Services - Extended Balance of Payments Classification (EBOPS 2010),S,Memo item: Total services,A,Annual,A,Annual,USM,Million US dollar,2016,,,,133531.0
ITS_CS,Trade in commercial services,ITS_CS_QAM,Commercial services imports by main sector  preliminary annual estimates based on quarterly statistics (2005-2025),484,Mexico,000,World,BOP6,Services - Extended Balance of Payments Classification (EBOPS 2010),S,Memo item: Total services,A,Annual,A,Annual,USM,Million US dollar,2017,,,,49730.0
ITS_CS,Trade in commercial services,ITS_CS_QAM,Commercial services imports by main sector  preliminary annual estimates based on quarterly statistics (2005-2025),356,India,000,World,BOP6,Services - Extended Balance of Payments Classification (EBOPS 2010),S,Memo item: Total services,A,Annual,A,Annual,USM,Million US dollar,2017,,,,154595.0
ITS_CS,Trade in commercial services,ITS_CS_QAM,Commercial services imports by main sector  preliminary annual estimates based on quarterly statistics (2005-2025),410,"Korea, Republic of",000,World,BOP6,Services - Extended Balance of Payments Classification (EBOPS 2010),S,Memo item: Total services,A,Annual,A,Annual,USM,Million US dollar,2017,,,,126435.0
ITS_CS,Trade in commercial services,ITS_CS_QAM,Commercial services imports by main sector  preliminary annual estimates based on quarterly statistics (2005-2025),276,Germany,000,World,BOP6,Services - Extended Balance of Payments Classification (EBOPS 2010),S,Memo item: Total services,A,Annual,A,Annual,USM,Million US dollar,2017,,,,352617.0
ITS_CS,Trade in commercial services,ITS_CS_QAM,Commercial services imports by main sector  preliminary annual estimates based on quarterly statistics (2005-2025),392,Japan,000,World,BOP6,Services - Extended Balance of Payments Classification (EBOPS 2010),S,Memo item: Total services,A,Annual,A,Annual,USM,Million US dollar,2017,,,,193056.0
ITS_CS,Trade in commercial services,ITS_CS_QAM,Commercial services imports by main sector  preliminary annual estimates based on quarterly statistics (2005-2025),410,"Korea, Republic of",000,World,BOP6,Services - Extended Balance of Payments Classification (EBOPS 2010),S,Memo item: Total services,A,Annual,A,Annual,USM,Million US dollar,2007,,,,84453.0
ITS_CS,Trade in commercial services,ITS_CS_QAM,Commercial services imports by main sector  preliminary annual estimates based on quarterly statistics (2005-2025),392,Japan,000,World,BOP6,Services - Extended Balance of Payments Classification (EBOPS 2010),S,Memo item: Total services,A,Annual,A,Annual,USM,Million US dollar,2007,,,,158689.0
ITS_CS,Trade in commercial services,ITS_CS_QAM,Commercial services imports by main sector  preliminary annual estimates based on quarterly statistics (2005-2025),276,Germany,000,World,BOP6,Services - Extended Balance of Payments Classification (EBOPS 2010),S,Memo item: Total services,A,Annual,A,Annual,USM,Million US dollar,2007,,,,258515.0
ITS_CS,Trade in commercial services,ITS_CS_QAM,Commercial services imports by main sector  preliminary annual estimates based on quarterly statistics (2005-2025),410,"Korea, Republic of",000,World,BOP6,Services - Extended Balance of Payments Classification (EBOPS 2010),S,Memo item: Total services,A,Annual,A,Annual,USM,Million US dollar,2012,,,,108192.0
ITS_CS,Trade in commercial services,ITS_CS_QAM,Commercial services imports by main sector  preliminary annual estimates based on quarterly statistics (2005-2025),392,Japan,000,World,BOP6,Services - Extended Balance of Payments Classification (EBOPS 2010),S,Memo item: Total services,A,Annual,A,Annual,USM,Million US dollar,2023,,,,233000.0
ITS_CS,Trade in commercial services,ITS_CS_QAM,Commercial services imports by main sector  preliminary annual estimates based on quarterly statistics (2005-2025),356,India,000,World,BOP6,Services - Extended Balance of Payments Classification (EBOPS 2010),S,Memo item: Total services,A,Annual,A,Annual,USM,Million US dollar,2023,,,,246509.0
ITS_CS,Trade in commercial services,ITS_CS_QAM,Commercial services imports by main sector  preliminary annual estimates based on quarterly statistics (2005-2025),484,Mexico,000,World,BOP6,Services - Extended Balance of Payments Classification (EBOPS 2010),S,Memo item: Total services,A,Annual,A,Annual,USM,Million US dollar,2023,,,,75749.0
ITS_CS,Trade in commercial services,ITS_CS_QAM,Commercial services imports by main sector  preliminary annual estimates based on quarterly statistics (2005-2025),410,"Korea, Republic of",000,World,BOP6,Services - Extended Balance of Payments Classification (EBOPS 2010),S,Memo item: Total services,A,Annual,A,Annual,USM,Million US dollar,2023,,,,157784.0
ITS_CS,Trade in commercial services,ITS_CS_QAM,Commercial services imports by main sector  preliminary annual estimates based on quarterly statistics (2005-2025),484,Mexico,000,World,BOP6,Services - Extended Balance of Payments Classification (EBOPS 2010),S,Memo item: Total services,A,Annual,A,Annual,USM,Million US dollar,2012,,,,39588.0
ITS_CS,Trade in commercial services,ITS_CS_QAM,Commercial services imports by main sector  preliminary annual estimates based on quarterly statistics (2005-2025),276,Germany,000,World,BOP6,Services - Extended Balance of Payments Classification (EBOPS 2010),S,Memo item: Total services,A,Annual,A,Annual,USM,Million US dollar,2012,,,,302434.0
ITS_CS,Trade in commercial services,ITS_CS_QAM,Commercial services imports by main sector  preliminary annual estimates based on quarterly statistics (2005-2025),392,Japan,000,World,BOP6,Services - Extended Balance of Payments Classification (EBOPS 2010),S,Memo item: Total services,A,Annual,A,Annual,USM,Million US dollar,2012,,,,184636.0
ITS_CS,Trade in commercial services,ITS_CS_QAM,Commercial services imports by main sector  preliminary annual estimates based on quarterly statistics (2005-2025),276,Germany,000,World,BOP6,Services - Extended Balance of Payments Classification (EBOPS 2010),S,Memo item: Total services,A,Annual,A,Annual,USM,Million US dollar,2023,,,,521343.0
ITS_CS,Trade in commercial services,ITS_CS_QAM,Commercial services imports by main sector  preliminary annual estimates based on quarterly statistics (2005-2025),356,India,000,World,BOP6,Services - Extended Balance of Payments Classification (EBOPS 2010),S,Memo item: Total services,A,Annual,A,Annual,USM,Million US dollar,2012,,,,130271.0
ITS_CS,Trade in commercial services,ITS_CS_QAM,Commercial services imports by main sector  preliminary annual estimates based on quarterly statistics (2005-2025),410,"Korea, Republic of",000,World,BOP6,Services - Extended Balance of Payments Classification (EBOPS 2010),S,Memo item: Total services,A,Annual,A,Annual,USM,Million US dollar,2024,,,,171462.0
ITS_CS,Trade in commercial services,ITS_CS_QAM,Commercial services imports by main sector  preliminary annual estimates based on quarterly statistics (2005-2025),484,Mexico,000,World,BOP6,Services - Extended Balance of Payments Classification (EBOPS 2010),S,Memo item: Total services,A,Annual,A,Annual,USM,Million US dollar,2024,,,,72024.0
ITS_CS,Trade in commercial services,ITS_CS_QAM,Commercial services imports by main sector  preliminary annual estimates based on quarterly statistics (2005-2025),356,India,000,World,BOP6,Services - Extended Balance of Payments Classification (EBOPS 2010),S,Memo item: Total services,A,Annual,A,Annual,USM,Million US dollar,2024,,,,269369.0
ITS_CS,Trade in commercial services,ITS_CS_QAM,Commercial services imports by main sector  preliminary annual estimates based on quarterly statistics (2005-2025),276,Germany,000,World,BOP6,Services - Extended Balance of Payments Classification (EBOPS 2010),S,Memo item: Total services,A,Annual,A,Annual,USM,Million US dollar,2024,,,,547494.0
ITS_CS,Trade in commercial services,ITS_CS_QAM,Commercial services imports by main sector  preliminary annual estimates based on quarterly statistics (2005-2025),392,Japan,000,World,BOP6,Services - Extended Balance of Payments Classification (EBOPS 2010),S,Memo item: Total services,A,Annual,A,Annual,USM,Million US dollar,2024,,,,246348.0
ITS_CS,Trade in commercial services,ITS_CS_QAM,Commercial services imports by main sector  preliminary annual estimates based on quarterly statistics (2005-2025),826,United Kingdom,000,World,BOP6,Services - Extended Balance of Payments Classification (EBOPS 2010),S,Memo item: Total services,A,Annual,A,Annual,USM,Million US dollar,2008,,,,217204.0
ITS_CS,Trade in commercial services,ITS_CS_QAM,Commercial services imports by main sector  preliminary annual estimates based on quarterly statistics (2005-2025),643,Russian Federation,000,World,BOP6,Services - Extended Balance of Payments Classification (EBOPS 2010),S,Memo item: Total services,A,Annual,A,Annual,USM,Million US dollar,2009,,,,63397.0
ITS_CS,Trade in commercial services,ITS_CS_QAM,Commercial services imports by main sector  preliminary annual estimates based on quarterly statistics (2005-2025),643,Russian Federation,000,World,BOP6,Services - Extended Balance of Payments Classification (EBOPS 2010),S,Memo item: Total services,A,Annual,A,Annual,USM,Million US dollar,2008,,,,77555.0
ITS_CS,Trade in commercial services,ITS_CS_QAM,Commercial services imports by main sector  preliminary annual estimates based on quarterly statistics (2005-2025),840,United States of America,000,World,BOP6,Services - Extended Balance of Payments Classification (EBOPS 2010),S,Memo item: Total services,A,Annual,A,Annual,USM,Million US dollar,2008,,,,420650.0
ITS_CS,Trade in commercial services,ITS_CS_QAM,Commercial services imports by main sector  preliminary annual estimates based on quarterly statistics (2005-2025),840,United States of America,000,World,BOP6,Services - Extended Balance of Payments Classification (EBOPS 2010),S,Memo item: Total services,A,Annual,A,Annual,USM,Million US dollar,2018,,,,566419.0
ITS_CS,Trade in commercial services,ITS_CS_QAM,Commercial services imports by main sector  preliminary annual estimates based on quarterly statistics (2005-2025),826,United Kingdom,000,World,BOP6,Services - Extended Balance of Payments Classification (EBOPS 2010),S,Memo item: Total services,A,Annual,A,Annual,USM,Million US dollar,2009,,,,185972.0
ITS_CS,Trade in commercial services,ITS_CS_QAM,Commercial services imports by main sector  preliminary annual estimates based on quarterly statistics (2005-2025),826,United Kingdom,000,World,BOP6,Services - Extended Balance of Payments Classification (EBOPS 2010),S,Memo item: Total services,A,Annual,A,Annual,USM,Million US dollar,2018,,,,291906.0
ITS_CS,Trade in commercial services,ITS_CS_QAM,Commercial services imports by main sector  preliminary annual estimates based on quarterly statistics (2005-2025),643,Russian Federation,000,World,BOP6,Services - Extended Balance of Payments Classification (EBOPS 2010),S,Memo item: Total services,A,Annual,A,Annual,USM,Million US dollar,2018,,,,94728.0
ITS_CS,Trade in commercial services,ITS_CS_QAM,Commercial services imports by main sector  preliminary annual estimates based on quarterly statistics (2005-2025),643,Russian Federation,000,World,BOP6,Services - Extended Balance of Payments Classification (EBOPS 2010),S,Memo item: Total services,A,Annual,A,Annual,USM,Million US dollar,2013,,,,128382.0
ITS_CS,Trade in commercial services,ITS_CS_QAM,Commercial services imports by main sector  preliminary annual estimates based on quarterly statistics (2005-2025),840,United States of America,000,World,BOP6,Services - Extended Balance of Payments Classification (EBOPS 2010),S,Memo item: Total services,A,Annual,A,Annual,USM,Million US dollar,2011,,,,458188.0
ITS_CS,Trade in commercial services,ITS_CS_QAM,Commercial services imports by main sector  preliminary annual estimates based on quarterly statistics (2005-2025),826,United Kingdom,000,World,BOP6,Services - Extended Balance of Payments Classification (EBOPS 2010),S,Memo item: Total services,A,Annual,A,Annual,USM,Million US dollar,2013,,,,220269.0
ITS_CS,Trade in commercial services,ITS_CS_QAM,Commercial services imports by main sector  preliminary annual estimates based on quarterly statistics (2005-2025),826,United Kingdom,000,World,BOP6,Services - Extended Balance of Payments Classification (EBOPS 2010),S,Memo item: Total services,A,Annual,A,Annual,USM,Million US dollar,2019,,,,294926.0
ITS_CS,Trade in commercial services,ITS_CS_QAM,Commercial services imports by main sector  preliminary annual estimates based on quarterly statistics (2005-2025),840,United States of America,000,World,BOP6,Services - Extended Balance of Payments Classification (EBOPS 2010),S,Memo item: Total services,A,Annual,A,Annual,USM,Million US dollar,2019,,,,601007.0
ITS_CS,Trade in commercial services,ITS_CS_QAM,Commercial services imports by main sector  preliminary annual estimates based on quarterly statistics (2005-2025),643,Russian Federation,000,World,BOP6,Services - Extended Balance of Payments Classification (EBOPS 2010),S,Memo item: Total services,A,Annual,A,Annual,USM,Million US dollar,2019,,,,98471.0
ITS_CS,Trade in commercial services,ITS_CS_QAM,Commercial services imports by main sector  preliminary annual estimates based on quarterly statistics (2005-2025),840,United States of America,000,World,BOP6,Services - Extended Balance of Payments Classification (EBOPS 2010),S,Memo item: Total services,A,Annual,A,Annual,USM,Million US dollar,2013,,,,465735.0
ITS_CS,Trade in commercial services,ITS_CS_QAM,Commercial services imports by main sector  preliminary annual estimates based on quarterly statistics (2005-2025),643,Russian Federation,000,World,BOP6,Services - Extended Balance of Payments Classification (EBOPS 2010),S,Memo item: Total services,A,Annual,A,Annual,USM,Million US dollar,2020,,,,64748.0
ITS_CS,Trade in commercial services,ITS_CS_QAM,Commercial services imports by main sector  preliminary annual estimates based on quarterly statistics (2005-2025),826,United Kingdom,000,World,BOP6,Services - Extended Balance of Payments Classification (EBOPS 2010),S,Memo item: Total services,A,Annual,A,Annual,USM,Million US dollar,2020,,,,228247.0
ITS_CS,Trade in commercial services,ITS_CS_QAM,Commercial services imports by main sector  preliminary annual estimates based on quarterly statistics (2005-2025),840,United States of America,000,World,BOP6,Services - Extended Balance of Payments Classification (EBOPS 2010),S,Memo item: Total services,A,Annual,A,Annual,USM,Million US dollar,2020,,,,472161.0
ITS_CS,Trade in commercial services,ITS_CS_QAM,Commercial services imports by main sector  preliminary annual estimates based on quarterly statistics (2005-2025),840,United States of America,000,World,BOP6,Services - Extended Balance of Payments Classification (EBOPS 2010),S,Memo item: Total services,A,Annual,A,Annual,USM,Million US dollar,2021,,,,572299.0
ITS_CS,Trade in commercial services,ITS_CS_QAM,Commercial services imports by main sector  preliminary annual estimates based on quarterly statistics (2005-2025),826,United Kingdom,000,World,BOP6,Services - Extended Balance of Payments Classification (EBOPS 2010),S,Memo item: Total services,A,Annual,A,Annual,USM,Million US dollar,2021,,,,252683.0
ITS_CS,Trade in commercial services,ITS_CS_QAM,Commercial services imports by main sector  preliminary annual estimates based on quarterly statistics (2005-2025),643,Russian Federation,000,World,BOP6,Services - Extended Balance of Payments Classification (EBOPS 2010),S,Memo item: Total services,A,Annual,A,Annual,USM,Million US dollar,2021,,,,75876.0
ITS_CS,Trade in commercial services,ITS_CS_QAM,Commercial services imports by main sector  preliminary annual estimates based on quarterly statistics (2005-2025),826,United Kingdom,000,World,BOP6,Services - Extended Balance of Payments Classification (EBOPS 2010),S,Memo item: Total services,A,Annual,A,Annual,USM,Million US dollar,2022,,,,320920.0
ITS_CS,Trade in commercial services,ITS_CS_QAM,Commercial services imports by main sector  preliminary annual estimates based on quarterly statistics (2005-2025),643,Russian Federation,000,World,BOP6,Services - Extended Balance of Payments Classification (EBOPS 2010),S,Memo item: Total services,A,Annual,A,Annual,USM,Million US dollar,2022,,,,70874.0
ITS_CS,Trade in commercial services,ITS_CS_QAM,Commercial services imports by main sector  preliminary annual estimates based on quarterly statistics (2005-2025),840,United States of America,000,World,BOP6,Services - Extended Balance of Payments Classification (EBOPS 2010),S,Memo item: Total services,A,Annual,A,Annual,USM,Million US dollar,2022,,,,712033.0
ITS_CS,Trade in commercial services,ITS_CS_QAM,Commercial services imports by main sector  preliminary annual estimates based on quarterly statistics (2005-2025),840,United States of America,000,World,BOP6,Services - Extended Balance of Payments Classification (EBOPS 2010),S,Memo item: Total services,A,Annual,A,Annual,USM,Million US dollar,2010,,,,436456.0
ITS_CS,Trade in commercial services,ITS_CS_QAM,Commercial services imports by main sector  preliminary annual estimates based on quarterly statistics (2005-2025),826,United Kingdom,000,World,BOP6,Services - Extended Balance of Payments Classification (EBOPS 2010),S,Memo item: Total services,A,Annual,A,Annual,USM,Million US dollar,2010,,,,192439.0
ITS_CS,Trade in commercial services,ITS_CS_QAM,Commercial services imports by main sector  preliminary annual estimates based on quarterly statistics (2005-2025),643,Russian Federation,000,World,BOP6,Services - Extended Balance of Payments Classification (EBOPS 2010),S,Memo item: Total services,A,Annual,A,Annual,USM,Million US dollar,2010,,,,75279.0
ITS_CS,Trade in commercial services,ITS_CS_QAM,Commercial services imports by main sector  preliminary annual estimates based on quarterly statistics (2005-2025),643,Russian Federation,000,World,BOP6,Services - Extended Balance of Payments Classification (EBOPS 2010),S,Memo item: Total services,A,Annual,A,Annual,USM,Million US dollar,2006,,,,46273.0
ITS_CS,Trade in commercial services,ITS_CS_QAM,Commercial services imports by main sector  preliminary annual estimates based on quarterly statistics (2005-2025),840,United States of America,000,World,BOP6,Services - Extended Balance of Payments Classification (EBOPS 2010),S,Memo item: Total services,A,Annual,A,Annual,USM,Million US dollar,2006,,,,349329.0
ITS_CS,Trade in commercial services,ITS_CS_QAM,Commercial services imports by main sector  preliminary annual estimates based on quarterly statistics (2005-2025),840,United States of America,000,World,BOP6,Services - Extended Balance of Payments Classification (EBOPS 2010),S,Memo item: Total services,A,Annual,A,Annual,USM,Million US dollar,2014,,,,491087.0
ITS_CS,Trade in commercial services,ITS_CS_QAM,Commercial services imports by main sector  preliminary annual estimates based on quarterly statistics (2005-2025),643,Russian Federation,000,World,BOP6,Services - Extended Balance of Payments Classification (EBOPS 2010),S,Memo item: Total services,A,Annual,A,Annual,USM,Million US dollar,2014,,,,121022.0
ITS_CS,Trade in commercial services,ITS_CS_QAM,Commercial services imports by main sector  preliminary annual estimates based on quarterly statistics (2005-2025),826,United Kingdom,000,World,BOP6,Services - Extended Balance of Payments Classification (EBOPS 2010),S,Memo item: Total services,A,Annual,A,Annual,USM,Million US dollar,2014,,,,244890.0
ITS_CS,Trade in commercial services,ITS_CS_QAM,Commercial services imports by main sector  preliminary annual estimates based on quarterly statistics (2005-2025),826,United Kingdom,000,World,BOP6,Services - Extended Balance of Payments Classification (EBOPS 2010),S,Memo item: Total services,A,Annual,A,Annual,USM,Million US dollar,2006,,,,192420.0
ITS_CS,Trade in commercial services,ITS_CS_QAM,Commercial services imports by main sector  preliminary annual estimates based on quarterly statistics (2005-2025),840,United States of America,000,World,BOP6,Services - Extended Balance of Payments Classification (EBOPS 2010),S,Memo item: Total services,A,Annual,A,Annual,USM,Million US dollar,2015,,,,498304.0
ITS_CS,Trade in commercial services,ITS_CS_QAM,Commercial services imports by main sector  preliminary annual estimates based on quarterly statistics (2005-2025),826,United Kingdom,000,World,BOP6,Services - Extended Balance of Payments Classification (EBOPS 2010),S,Memo item: Total services,A,Annual,A,Annual,USM,Million US dollar,2015,,,,242173.0
ITS_CS,Trade in commercial services,ITS_CS_QAM,Commercial services imports by main sector  preliminary annual estimates based on quarterly statistics (2005-2025),643,Russian Federation,000,World,BOP6,Services - Extended Balance of Payments Classification (EBOPS 2010),S,Memo item: Total services,A,Annual,A,Annual,USM,Million US dollar,2015,,,,88768.0
ITS_CS,Trade in commercial services,ITS_CS_QAM,Commercial services imports by main sector  preliminary annual estimates based on quarterly statistics (2005-2025),826,United Kingdom,000,World,BOP6,Services - Extended Balance of Payments Classification (EBOPS 2010),S,Memo item: Total services,A,Annual,A,Annual,USM,Million US dollar,2016,,,,239472.0
ITS_CS,Trade in commercial services,ITS_CS_QAM,Commercial services imports by main sector  preliminary annual estimates based on quarterly statistics (2005-2025),840,United States of America,000,World,BOP6,Services - Extended Balance of Payments Classification (EBOPS 2010),S,Memo item: Total services,A,Annual,A,Annual,USM,Million US dollar,2009,,,,407538.0
ITS_CS,Trade in commercial services,ITS_CS_QAM,Commercial services imports by main sector  preliminary annual estimates based on quarterly statistics (2005-2025),840,United States of America,000,World,BOP6,Services - Extended Balance of Payments Classification (EBOPS 2010),S,Memo item: Total services,A,Annual,A,Annual,USM,Million US dollar,2016,,,,513087.0
ITS_CS,Trade in commercial services,ITS_CS_QAM,Commercial services imports by main sector  preliminary annual estimates based on quarterly statistics (2005-2025),643,Russian Federation,000,World,BOP6,Services - Extended Balance of Payments Classification (EBOPS 2010),S,Memo item: Total services,A,Annual,A,Annual,USM,Million US dollar,2016,,,,74602.0
ITS_CS,Trade in commercial services,ITS_CS_QAM,Commercial services imports by main sector  preliminary annual estimates based on quarterly statistics (2005-2025),826,United Kingdom,000,World,BOP6,Services - Extended Balance of Payments Classification (EBOPS 2010),S,Memo item: Total services,A,Annual,A,Annual,USM,Million US dollar,2011,,,,206706.0
ITS_CS,Trade in commercial services,ITS_CS_QAM,Commercial services imports by main sector  preliminary annual estimates based on quarterly statistics (2005-2025),643,Russian Federation,000,World,BOP6,Services - Extended Balance of Payments Classification (EBOPS 2010),S,Memo item: Total services,A,Annual,A,Annual,USM,Million US dollar,2011,,,,91495.0
ITS_CS,Trade in commercial services,ITS_CS_QAM,Commercial services imports by main sector  preliminary annual estimates based on quarterly statistics (2005-2025),643,Russian Federation,000,World,BOP6,Services - Extended Balance of Payments Classification (EBOPS 2010),S,Memo item: Total services,A,Annual,A,Annual,USM,Million US dollar,2017,,,,88864.0
ITS_CS,Trade in commercial services,ITS_CS_QAM,Commercial services imports by main sector  preliminary annual estimates based on quarterly statistics (2005-2025),826,United Kingdom,000,World,BOP6,Services - Extended Balance of Payments Classification (EBOPS 2010),S,Memo item: Total services,A,Annual,A,Annual,USM,Million US dollar,2017,,,,251797.0
ITS_CS,Trade in commercial services,ITS_CS_QAM,Commercial services imports by main sector  preliminary annual estimates based on quarterly statistics (2005-2025),840,United States of America,000,World,BOP6,Services - Extended Balance of Payments Classification (EBOPS 2010),S,Memo item: Total services,A,Annual,A,Annual,USM,Million US dollar,2017,,,,555070.0
ITS_CS,Trade in commercial services,ITS_CS_QAM,Commercial services imports by main sector  preliminary annual estimates based on quarterly statistics (2005-2025),840,United States of America,000,World,BOP6,Services - Extended Balance of Payments Classification (EBOPS 2010),S,Memo item: Total services,A,Annual,A,Annual,USM,Million US dollar,2007,,,,385464.0
ITS_CS,Trade in commercial services,ITS_CS_QAM,Commercial services imports by main sector  preliminary annual estimates based on quarterly statistics (2005-2025),826,United Kingdom,000,World,BOP6,Services - Extended Balance of Payments Classification (EBOPS 2010),S,Memo item: Total services,A,Annual,A,Annual,USM,Million US dollar,2007,,,,216176.0
ITS_CS,Trade in commercial services,ITS_CS_QAM,Commercial services imports by main sector  preliminary annual estimates based on quarterly statistics (2005-2025),643,Russian Federation,000,World,BOP6,Services - Extended Balance of Payments Classification (EBOPS 2010),S,Memo item: Total services,A,Annual,A,Annual,USM,Million US dollar,2007,,,,60578.0
ITS_CS,Trade in commercial services,ITS_CS_QAM,Commercial services imports by main sector  preliminary annual estimates based on quarterly statistics (2005-2025),643,Russian Federation,000,World,BOP6,Services - Extended Balance of Payments Classification (EBOPS 2010),S,Memo item: Total services,A,Annual,A,Annual,USM,Million US dollar,2023,,,,76611.0
ITS_CS,Trade in commercial services,ITS_CS_QAM,Commercial services imports by main sector  preliminary annual estimates based on quarterly statistics (2005-2025),840,United States of America,000,World,BOP6,Services - Extended Balance of Payments Classification (EBOPS 2010),S,Memo item: Total services,A,Annual,A,Annual,USM,Million US dollar,2023,,,,761789.0
ITS_CS,Trade in commercial services,ITS_CS_QAM,Commercial services imports by main sector  preliminary annual estimates based on quarterly statistics (2005-2025),826,United Kingdom,000,World,BOP6,Services - Extended Balance of Payments Classification (EBOPS 2010),S,Memo item: Total services,A,Annual,A,Annual,USM,Million US dollar,2023,,,,374628.0
ITS_CS,Trade in commercial services,ITS_CS_QAM,Commercial services imports by main sector  preliminary annual estimates based on quarterly statistics (2005-2025),643,Russian Federation,000,World,BOP6,Services - Extended Balance of Payments Classification (EBOPS 2010),S,Memo item: Total services,A,Annual,A,Annual,USM,Million US dollar,2012,,,,108927.0
ITS_CS,Trade in commercial services,ITS_CS_QAM,Commercial services imports by main sector  preliminary annual estimates based on quarterly statistics (2005-2025),840,United States of America,000,World,BOP6,Services - Extended Balance of Payments Classification (EBOPS 2010),S,Memo item: Total services,A,Annual,A,Annual,USM,Million US dollar,2012,,,,469610.0
ITS_CS,Trade in commercial services,ITS_CS_QAM,Commercial services imports by main sector  preliminary annual estimates based on quarterly statistics (2005-2025),826,United Kingdom,000,World,BOP6,Services - Extended Balance of Payments Classification (EBOPS 2010),S,Memo item: Total services,A,Annual,A,Annual,USM,Million US dollar,2012,,,,207141.0
ITS_CS,Trade in commercial services,ITS_CS_QAM,Commercial services imports by main sector  preliminary annual estimates based on quarterly statistics (2005-2025),826,United Kingdom,000,World,BOP6,Services - Extended Balance of Payments Classification (EBOPS 2010),S,Memo item: Total services,A,Annual,A,Annual,USM,Million US dollar,2024,,,,411958.0
ITS_CS,Trade in commercial services,ITS_CS_QAM,Commercial services imports by main sector  preliminary annual estimates based on quarterly statistics (2005-2025),643,Russian Federation,000,World,BOP6,Services - Extended Balance of Payments Classification (EBOPS 2010),S,Memo item: Total services,A,Annual,A,Annual,USM,Million US dollar,2024,,,,81462.0
ITS_CS,Trade in commercial services,ITS_CS_QAM,Commercial services imports by main sector  preliminary annual estimates based on quarterly statistics (2005-2025),840,United States of America,000,World,BOP6,Services - Extended Balance of Payments Classification (EBOPS 2010),S,Memo item: Total services,A,Annual,A,Annual,USM,Million US dollar,2024,,,,840876.0
